{
  "graph_ppr": {
    "acc": {
      "mean": 0.2222222222222222,
      "std": 0.3849001794597505,
      "n": 3.0
    },
    "rt_ms": {
      "mean": 4.8271477768947895,
      "std": 1.79010248351633,
      "n": 3.0
    },
    "coarse_visited": {
      "mean": 0.0,
      "std": 0.0,
      "n": 3.0
    },
    "fine_steps": {
      "mean": 0.0,
      "std": 0.0,
      "n": 3.0
    }
  },
  "nn": {
    "acc": {
      "mean": 0.0,
      "std": 0.0,
      "n": 3.0
    },
    "rt_ms": {
      "mean": 0.14104555529128346,
      "std": 0.010059169394571032,
      "n": 3.0
    },
    "coarse_visited": {
      "mean": 0.0,
      "std": 0.0,
      "n": 3.0
    },
    "fine_steps": {
      "mean": 0.0,
      "std": 0.0,
      "n": 3.0
    }
  },
  "topogps_cuepath": {
    "acc": {
      "mean": 0.0,
      "std": 0.0,
      "n": 3.0
    },
    "rt_ms": {
      "mean": 2.2489722265163437,
      "std": 0.09908118036637314,
      "n": 3.0
    },
    "coarse_visited": {
      "mean": 1.0,
      "std": 0.0,
      "n": 3.0
    },
    "fine_steps": {
      "mean": 0.0,
      "std": 0.0,
      "n": 3.0
    }
  },
  "topogps_no_cue": {
    "acc": {
      "mean": 0.0,
      "std": 0.0,
      "n": 3.0
    },
    "rt_ms": {
      "mean": 61.500153334863064,
      "std": 8.901658197309722,
      "n": 3.0
    },
    "coarse_visited": {
      "mean": 2.2111111111111112,
      "std": 1.6833608358589387,
      "n": 3.0
    },
    "fine_steps": {
      "mean": 37.955555555555556,
      "std": 2.7213830906224734,
      "n": 3.0
    }
  }
}
