method,acc,rt_ms,coarse_visited,fine_steps
graph_ppr,0.666667,4.022293,0.000000,0.000000
nn,0.000000,0.151587,0.000000,0.000000
topogps_cuepath,0.000000,2.163667,1.000000,0.000000
topogps_no_cue,0.000000,51.243960,4.133333,34.866667
