{
  "nn": {
    "acc": 0.0,
    "rt_ms": 0.15158666453013817,
    "coarse_visited": 0.0,
    "fine_steps": 0.0
  },
  "graph_ppr": {
    "acc": 0.6666666666666666,
    "rt_ms": 4.02229333218808,
    "coarse_visited": 0.0,
    "fine_steps": 0.0
  },
  "topogps_cuepath": {
    "acc": 0.0,
    "rt_ms": 2.163666661363095,
    "coarse_visited": 1.0,
    "fine_steps": 0.0
  },
  "topogps_no_cue": {
    "acc": 0.0,
    "rt_ms": 51.243959999798484,
    "coarse_visited": 4.133333333333334,
    "fine_steps": 34.86666666666667
  }
}
