{
  "graph_ppr": {
    "acc": {
      "mean": 0.6222222222222222,
      "std": 0.2116950987028628,
      "n": 3.0
    },
    "rt_ms": {
      "mean": 4.945483336147542,
      "std": 0.9374460144173612,
      "n": 3.0
    },
    "coarse_visited": {
      "mean": 0.0,
      "std": 0.0,
      "n": 3.0
    },
    "fine_steps": {
      "mean": 0.0,
      "std": 0.0,
      "n": 3.0
    }
  },
  "nn": {
    "acc": {
      "mean": 0.0,
      "std": 0.0,
      "n": 3.0
    },
    "rt_ms": {
      "mean": 0.1479733366674433,
      "std": 0.010719773567022875,
      "n": 3.0
    },
    "coarse_visited": {
      "mean": 0.0,
      "std": 0.0,
      "n": 3.0
    },
    "fine_steps": {
      "mean": 0.0,
      "std": 0.0,
      "n": 3.0
    }
  },
  "topogps": {
    "acc": {
      "mean": 0.25555555555555554,
      "std": 0.2501851166488378,
      "n": 3.0
    },
    "rt_ms": {
      "mean": 35.25526222591805,
      "std": 18.44054056269243,
      "n": 3.0
    },
    "coarse_visited": {
      "mean": 1.1777777777777778,
      "std": 0.30792014356780045,
      "n": 3.0
    },
    "fine_steps": {
      "mean": 22.2,
      "std": 13.18787321746763,
      "n": 3.0
    }
  },
  "topogps_no_cue": {
    "acc": {
      "mean": 0.0,
      "std": 0.0,
      "n": 3.0
    },
    "rt_ms": {
      "mean": 56.34235555998101,
      "std": 5.903352222389545,
      "n": 3.0
    },
    "coarse_visited": {
      "mean": 5.844444444444444,
      "std": 7.541391953253232,
      "n": 3.0
    },
    "fine_steps": {
      "mean": 37.955555555555556,
      "std": 2.7213830906224734,
      "n": 3.0
    }
  }
}
