{
  "nn": {
    "acc": 0.8965,
    "rt_ms": 0.011598650016821921,
    "coarse_visited": 0.0,
    "fine_steps": 0.0
  },
  "minsim": {
    "acc": 1.0,
    "rt_ms": 0.02059285040013492,
    "coarse_visited": 0.0,
    "fine_steps": 0.0
  },
  "graph_ppr": {
    "acc": 1.0,
    "rt_ms": 12.444457349934964,
    "coarse_visited": 0.0,
    "fine_steps": 0.0
  },
  "topogps": {
    "acc": 1.0,
    "rt_ms": 41.34709209995344,
    "coarse_visited": 3.0,
    "fine_steps": 107.278
  },
  "topogps_cuepath": {
    "acc": 1.0,
    "rt_ms": 0.6200067497557029,
    "coarse_visited": 3.0,
    "fine_steps": 0.0
  },
  "topogps_no_cue": {
    "acc": 0.494,
    "rt_ms": 31.967691549725714,
    "coarse_visited": 2305.946,
    "fine_steps": 50.593
  }
}
