method,acc,rt_ms,coarse_visited,fine_steps
graph_ppr,1.000000,12.444457,0.000000,0.000000
minsim,1.000000,0.020593,0.000000,0.000000
nn,0.896500,0.011599,0.000000,0.000000
topogps,1.000000,41.347092,3.000000,107.278000
topogps_cuepath,1.000000,0.620007,3.000000,0.000000
topogps_no_cue,0.494000,31.967692,2305.946000,50.593000
