method,acc,rt_ms,coarse_visited,fine_steps
graph_ppr,1.000000,12.183852,0.000000,0.000000
minsim,1.000000,0.021455,0.000000,0.000000
nn,0.805000,0.011435,0.000000,0.000000
topogps,1.000000,18.611447,3.000000,109.203500
topogps_cuepath,1.000000,0.557872,3.000000,0.000000
topogps_no_cue,0.297500,16.831106,2258.079000,26.613500
