{
  "nn": {
    "acc": 0.0,
    "rt_ms": 0.011430550017394125,
    "coarse_visited": 0.0,
    "fine_steps": 0.0
  },
  "minsim": {
    "acc": 0.0,
    "rt_ms": 0.0219193496304797,
    "coarse_visited": 0.0,
    "fine_steps": 0.0
  },
  "graph_ppr": {
    "acc": 1.0,
    "rt_ms": 12.88620385012473,
    "coarse_visited": 0.0,
    "fine_steps": 0.0
  },
  "topogps": {
    "acc": 1.0,
    "rt_ms": 8.904576250104583,
    "coarse_visited": 3.0,
    "fine_steps": 46.313
  },
  "topogps_cuepath": {
    "acc": 1.0,
    "rt_ms": 1.2173529002029682,
    "coarse_visited": 3.0,
    "fine_steps": 0.0
  },
  "topogps_no_cue": {
    "acc": 0.0,
    "rt_ms": 29.828564900148194,
    "coarse_visited": 2499.322,
    "fine_steps": 99.1735
  }
}
