method,acc,rt_ms,coarse_visited,fine_steps
graph_ppr,1.000000,12.886204,0.000000,0.000000
minsim,0.000000,0.021919,0.000000,0.000000
nn,0.000000,0.011431,0.000000,0.000000
topogps,1.000000,8.904576,3.000000,46.313000
topogps_cuepath,1.000000,1.217353,3.000000,0.000000
topogps_no_cue,0.000000,29.828565,2499.322000,99.173500
