method,acc,rt_ms,coarse_visited,fine_steps
graph_ppr,1.000000,12.169332,0.000000,0.000000
minsim,1.000000,0.021483,0.000000,0.000000
nn,0.810000,0.011486,0.000000,0.000000
topogps,1.000000,0.706732,3.000000,0.000000
topogps_cuepath,1.000000,0.571143,3.000000,0.000000
topogps_no_cue,0.810000,12.743868,2298.552500,0.000000
