{
  "graph_ppr": {
    "acc": {
      "mean": 1.0,
      "std": 0.0,
      "n": 5.0
    },
    "rt_ms": {
      "mean": 12.840714559951447,
      "std": 0.06998096960122072,
      "n": 5.0
    },
    "coarse_visited": {
      "mean": 0.0,
      "std": 0.0,
      "n": 5.0
    },
    "fine_steps": {
      "mean": 0.0,
      "std": 0.0,
      "n": 5.0
    }
  },
  "minsim": {
    "acc": {
      "mean": 0.0,
      "std": 0.0,
      "n": 5.0
    },
    "rt_ms": {
      "mean": 0.019478960122796707,
      "std": 0.002822487327326628,
      "n": 5.0
    },
    "coarse_visited": {
      "mean": 0.0,
      "std": 0.0,
      "n": 5.0
    },
    "fine_steps": {
      "mean": 0.0,
      "std": 0.0,
      "n": 5.0
    }
  },
  "nn": {
    "acc": {
      "mean": 0.0,
      "std": 0.0,
      "n": 5.0
    },
    "rt_ms": {
      "mean": 0.010670919888070785,
      "std": 0.0017506004717485267,
      "n": 5.0
    },
    "coarse_visited": {
      "mean": 0.0,
      "std": 0.0,
      "n": 5.0
    },
    "fine_steps": {
      "mean": 0.0,
      "std": 0.0,
      "n": 5.0
    }
  },
  "topogps": {
    "acc": {
      "mean": 1.0,
      "std": 0.0,
      "n": 5.0
    },
    "rt_ms": {
      "mean": 1.3378432799625444,
      "std": 0.02653513751490489,
      "n": 5.0
    },
    "coarse_visited": {
      "mean": 3.0,
      "std": 0.0,
      "n": 5.0
    },
    "fine_steps": {
      "mean": 0.0,
      "std": 0.0,
      "n": 5.0
    }
  },
  "topogps_cuepath": {
    "acc": {
      "mean": 1.0,
      "std": 0.0,
      "n": 5.0
    },
    "rt_ms": {
      "mean": 1.2118684799788753,
      "std": 0.028827757978457214,
      "n": 5.0
    },
    "coarse_visited": {
      "mean": 3.0,
      "std": 0.0,
      "n": 5.0
    },
    "fine_steps": {
      "mean": 0.0,
      "std": 0.0,
      "n": 5.0
    }
  },
  "topogps_no_cue": {
    "acc": {
      "mean": 0.0,
      "std": 0.0,
      "n": 5.0
    },
    "rt_ms": {
      "mean": 13.549497350025922,
      "std": 0.2416936734374716,
      "n": 5.0
    },
    "coarse_visited": {
      "mean": 2477.1733,
      "std": 29.001651969327515,
      "n": 5.0
    },
    "fine_steps": {
      "mean": 0.0,
      "std": 0.0,
      "n": 5.0
    }
  }
}
