qid,method,success,rt_ms,coarse_visited,fine_steps,cue_a,cue_b,target_idx,pred_idx,dropout,rewire,steps,lr
0,nn,0,0.1464999804738909,0.0,0.0,763,633,1495,633,0.0,0.0,0,0.08
0,graph_ppr,1,6.562499998835847,0.0,0.0,763,633,1495,1495,0.0,0.0,0,0.08
0,topogps_cuepath,1,2.0707000221591443,3.0,0.0,763,633,1495,1495,0.0,0.0,0,0.08
0,topogps_no_cue,0,1.2669000134337693,16.0,0.0,763,633,1495,763,0.0,0.0,0,0.08
1,nn,0,0.09180000051856041,0.0,0.0,272,16,1122,272,0.0,0.0,0,0.08
1,graph_ppr,1,4.784699995070696,0.0,0.0,272,16,1122,1122,0.0,0.0,0,0.08
1,topogps_cuepath,1,2.2483000066131353,3.0,0.0,272,16,1122,1122,0.0,0.0,0,0.08
1,topogps_no_cue,0,1.225699990754947,5.0,0.0,272,16,1122,272,0.0,0.0,0,0.08
