{
  "nn": {
    "acc": 0.0,
    "rt_ms": 0.11914999049622566,
    "coarse_visited": 0.0,
    "fine_steps": 0.0
  },
  "graph_ppr": {
    "acc": 1.0,
    "rt_ms": 5.673599996953271,
    "coarse_visited": 0.0,
    "fine_steps": 0.0
  },
  "topogps_cuepath": {
    "acc": 1.0,
    "rt_ms": 2.15950001438614,
    "coarse_visited": 3.0,
    "fine_steps": 0.0
  },
  "topogps_no_cue": {
    "acc": 0.0,
    "rt_ms": 1.2463000020943582,
    "coarse_visited": 10.5,
    "fine_steps": 0.0
  }
}
