method,acc,rt_ms,coarse_visited,fine_steps
graph_ppr,1.000000,5.673600,0.000000,0.000000
nn,0.000000,0.119150,0.000000,0.000000
topogps_cuepath,1.000000,2.159500,3.000000,0.000000
topogps_no_cue,0.000000,1.246300,10.500000,0.000000
