qid,method,success,rt_ms,coarse_visited,fine_steps,cue_a,cue_b,target_idx,pred_idx,dropout,rewire,steps,lr
0,nn,0,0.15520001761615276,0.0,0.0,763,633,1495,633,0.3,0.0,0,0.08
0,graph_ppr,1,7.373300002655014,0.0,0.0,763,633,1495,1495,0.3,0.0,0,0.08
0,topogps,1,3.361099981702864,3.0,0.0,763,633,1495,1495,0.3,0.0,0,0.08
0,topogps_no_cue,0,1.5113999834284186,4.0,0.0,763,633,1495,763,0.3,0.0,0,0.08
1,nn,0,0.12340000830590725,0.0,0.0,272,16,1122,272,0.3,0.0,0,0.08
1,graph_ppr,1,6.637299986323342,0.0,0.0,272,16,1122,1122,0.3,0.0,0,0.08
1,topogps,0,3.397599997697398,1.0,0.0,272,16,1122,272,0.3,0.0,0,0.08
1,topogps_no_cue,0,1.2963000044692308,2.0,0.0,272,16,1122,272,0.3,0.0,0,0.08
