method,acc,rt_ms,coarse_visited,fine_steps
graph_ppr,1.000000,7.005300,0.000000,0.000000
nn,0.000000,0.139300,0.000000,0.000000
topogps,0.500000,3.379350,2.000000,0.000000
topogps_no_cue,0.000000,1.403850,3.000000,0.000000
