{
  "nn": {
    "acc": 0.0,
    "rt_ms": 0.13930001296103,
    "coarse_visited": 0.0,
    "fine_steps": 0.0
  },
  "graph_ppr": {
    "acc": 1.0,
    "rt_ms": 7.005299994489178,
    "coarse_visited": 0.0,
    "fine_steps": 0.0
  },
  "topogps": {
    "acc": 0.5,
    "rt_ms": 3.379349989700131,
    "coarse_visited": 2.0,
    "fine_steps": 0.0
  },
  "topogps_no_cue": {
    "acc": 0.0,
    "rt_ms": 1.4038499939488247,
    "coarse_visited": 3.0,
    "fine_steps": 0.0
  }
}
