method,acc,rt_ms,coarse_visited,fine_steps
graph_ppr,1.000000,12.761601,0.000000,0.000000
minsim,0.000000,0.014534,0.000000,0.000000
nn,0.000000,0.007558,0.000000,0.000000
topogps,1.000000,1.304214,3.000000,0.000000
topogps_cuepath,1.000000,1.173586,3.000000,0.000000
topogps_no_cue,0.000000,13.228549,2426.478500,0.000000
