qid,method,success,rt_ms,coarse_visited,fine_steps,cue_a,cue_b,target_idx,pred_idx,dropout,rewire,steps,lr
0,nn,0,0.148899998748675,0.0,0.0,763,633,1495,633,0.5,0.0,0,0.08
0,graph_ppr,1,7.503300003008917,0.0,0.0,763,633,1495,1495,0.5,0.0,0,0.08
0,topogps,0,3.5288000071886927,1.0,0.0,763,633,1495,763,0.5,0.0,0,0.08
0,topogps_no_cue,0,1.4281000185292214,2.0,0.0,763,633,1495,763,0.5,0.0,0,0.08
1,nn,0,0.10810000821948051,0.0,0.0,272,16,1122,272,0.5,0.0,0,0.08
1,graph_ppr,0,6.925800000317395,0.0,0.0,272,16,1122,46,0.5,0.0,0,0.08
1,topogps,0,3.177600010531023,1.0,0.0,272,16,1122,272,0.5,0.0,0,0.08
1,topogps_no_cue,0,1.2312000035308301,2.0,0.0,272,16,1122,272,0.5,0.0,0,0.08
