method,acc,rt_ms,coarse_visited,fine_steps
graph_ppr,0.500000,7.214550,0.000000,0.000000
nn,0.000000,0.128500,0.000000,0.000000
topogps,0.000000,3.353200,1.000000,0.000000
topogps_no_cue,0.000000,1.329650,2.000000,0.000000
