qid,method,success,rt_ms,coarse_visited,fine_steps,cue_a,cue_b,target_idx,pred_idx,dropout,rewire,steps,lr
0,nn,0,0.1517999917268753,0.0,0.0,763,633,1495,633,0.0,0.0,40,0.08
0,graph_ppr,1,6.553799990797415,0.0,0.0,763,633,1495,1495,0.0,0.0,40,0.08
0,topogps,1,63.449099980061874,3.0,40.0,763,633,1495,1495,0.0,0.0,40,0.08
0,topogps_no_cue,0,57.32079999870621,16.0,40.0,763,633,1495,633,0.0,0.0,40,0.08
1,nn,0,0.12250000145286322,0.0,0.0,272,16,1122,272,0.0,0.0,40,0.08
1,graph_ppr,1,4.334999975981191,0.0,0.0,272,16,1122,1122,0.0,0.0,40,0.08
1,topogps,1,60.324099991703406,3.0,40.0,272,16,1122,1122,0.0,0.0,40,0.08
1,topogps_no_cue,0,58.103600022150204,5.0,40.0,272,16,1122,272,0.0,0.0,40,0.08
