method,acc,rt_ms,coarse_visited,fine_steps
graph_ppr,1.000000,5.444400,0.000000,0.000000
nn,0.000000,0.137150,0.000000,0.000000
topogps,1.000000,61.886600,3.000000,40.000000
topogps_no_cue,0.000000,57.712200,10.500000,40.000000
