{
  "nn": {
    "acc": 0.7105,
    "rt_ms": 0.015047149849124253,
    "coarse_visited": 0.0,
    "fine_steps": 0.0
  },
  "minsim": {
    "acc": 1.0,
    "rt_ms": 0.021801500450237654,
    "coarse_visited": 0.0,
    "fine_steps": 0.0
  },
  "graph_ppr": {
    "acc": 0.8985,
    "rt_ms": 12.399973349820357,
    "coarse_visited": 0.0,
    "fine_steps": 0.0
  },
  "topogps": {
    "acc": 1.0,
    "rt_ms": 43.5712613502983,
    "coarse_visited": 3.0,
    "fine_steps": 113.7085
  },
  "topogps_cuepath": {
    "acc": 1.0,
    "rt_ms": 0.6110397004376864,
    "coarse_visited": 3.0,
    "fine_steps": 0.0
  },
  "topogps_no_cue": {
    "acc": 0.4915,
    "rt_ms": 34.874539050404564,
    "coarse_visited": 2360.788,
    "fine_steps": 57.8285
  }
}
