method,acc,rt_ms,coarse_visited,fine_steps
graph_ppr,0.898500,12.399973,0.000000,0.000000
minsim,1.000000,0.021802,0.000000,0.000000
nn,0.710500,0.015047,0.000000,0.000000
topogps,1.000000,43.571261,3.000000,113.708500
topogps_cuepath,1.000000,0.611040,3.000000,0.000000
topogps_no_cue,0.491500,34.874539,2360.788000,57.828500
