{
  "graph_ppr": {
    "acc": {
      "mean": 0.9777777777777779,
      "std": 0.03849001794597504,
      "n": 3.0
    },
    "rt_ms": {
      "mean": 5.239843333967858,
      "std": 1.032135803951197,
      "n": 3.0
    },
    "coarse_visited": {
      "mean": 0.0,
      "std": 0.0,
      "n": 3.0
    },
    "fine_steps": {
      "mean": 0.0,
      "std": 0.0,
      "n": 3.0
    }
  },
  "nn": {
    "acc": {
      "mean": 0.0,
      "std": 0.0,
      "n": 3.0
    },
    "rt_ms": {
      "mean": 0.14400666534331522,
      "std": 0.009818973146299736,
      "n": 3.0
    },
    "coarse_visited": {
      "mean": 0.0,
      "std": 0.0,
      "n": 3.0
    },
    "fine_steps": {
      "mean": 0.0,
      "std": 0.0,
      "n": 3.0
    }
  },
  "topogps": {
    "acc": {
      "mean": 0.7000000000000001,
      "std": 0.264575131106459,
      "n": 3.0
    },
    "rt_ms": {
      "mean": 49.78961221802618,
      "std": 5.212866520270639,
      "n": 3.0
    },
    "coarse_visited": {
      "mean": 2.088888888888889,
      "std": 0.15396007178390017,
      "n": 3.0
    },
    "fine_steps": {
      "mean": 30.066666666666666,
      "std": 7.655934517309651,
      "n": 3.0
    }
  },
  "topogps_no_cue": {
    "acc": {
      "mean": 0.0,
      "std": 0.0,
      "n": 3.0
    },
    "rt_ms": {
      "mean": 57.889431111268806,
      "std": 9.192715977597008,
      "n": 3.0
    },
    "coarse_visited": {
      "mean": 12.333333333333334,
      "std": 17.03917055884274,
      "n": 3.0
    },
    "fine_steps": {
      "mean": 37.955555555555556,
      "std": 2.7213830906224734,
      "n": 3.0
    }
  }
}
