method,acc,rt_ms,coarse_visited,fine_steps
graph_ppr,1.000000,12.195844,0.000000,0.000000
minsim,1.000000,0.014182,0.000000,0.000000
nn,0.805000,0.007427,0.000000,0.000000
topogps,1.000000,40.911105,3.000000,106.800500
topogps_cuepath,1.000000,0.613085,3.000000,0.000000
topogps_no_cue,0.297500,35.949104,2322.781000,61.577500
