method,acc,rt_ms,coarse_visited,fine_steps
graph_ppr,1.000000,12.821263,0.000000,0.000000
minsim,0.000000,0.020304,0.000000,0.000000
nn,0.000000,0.011136,0.000000,0.000000
topogps,1.000000,1.353183,3.000000,0.000000
topogps_cuepath,1.000000,1.227075,3.000000,0.000000
topogps_no_cue,0.000000,13.486578,2491.135000,0.000000
