{
  "graph_ppr": {
    "acc": {
      "mean": 1.0,
      "std": 0.0,
      "n": 3.0
    },
    "rt_ms": {
      "mean": 5.228808886992435,
      "std": 0.7590089044030837,
      "n": 3.0
    },
    "coarse_visited": {
      "mean": 0.0,
      "std": 0.0,
      "n": 3.0
    },
    "fine_steps": {
      "mean": 0.0,
      "std": 0.0,
      "n": 3.0
    }
  },
  "nn": {
    "acc": {
      "mean": 0.0,
      "std": 0.0,
      "n": 3.0
    },
    "rt_ms": {
      "mean": 0.14259555415871242,
      "std": 0.004730353445841449,
      "n": 3.0
    },
    "coarse_visited": {
      "mean": 0.0,
      "std": 0.0,
      "n": 3.0
    },
    "fine_steps": {
      "mean": 0.0,
      "std": 0.0,
      "n": 3.0
    }
  },
  "topogps": {
    "acc": {
      "mean": 0.9777777777777779,
      "std": 0.03849001794597504,
      "n": 3.0
    },
    "rt_ms": {
      "mean": 60.7605166597447,
      "std": 1.3738422913945816,
      "n": 3.0
    },
    "coarse_visited": {
      "mean": 2.977777777777778,
      "std": 0.038490017945975175,
      "n": 3.0
    },
    "fine_steps": {
      "mean": 40.0,
      "std": 0.0,
      "n": 3.0
    }
  },
  "topogps_no_cue": {
    "acc": {
      "mean": 0.0,
      "std": 0.0,
      "n": 3.0
    },
    "rt_ms": {
      "mean": 55.597092230972414,
      "std": 4.3519752039618025,
      "n": 3.0
    },
    "coarse_visited": {
      "mean": 19.633333333333333,
      "std": 18.93154334261561,
      "n": 3.0
    },
    "fine_steps": {
      "mean": 37.955555555555556,
      "std": 2.7213830906224734,
      "n": 3.0
    }
  }
}
