method,acc,rt_ms,coarse_visited,fine_steps
graph_ppr,0.866667,4.473267,0.000000,0.000000
nn,0.000000,0.151347,0.000000,0.000000
topogps_cuepath,0.266667,1.988493,1.533333,0.000000
topogps_no_cue,0.000000,50.347147,14.533333,34.866667
