method,acc,rt_ms,coarse_visited,fine_steps
graph_ppr,1.000000,12.218840,0.000000,0.000000
minsim,1.000000,0.020822,0.000000,0.000000
nn,0.805000,0.011476,0.000000,0.000000
topogps,1.000000,0.686656,3.000000,0.000000
topogps_cuepath,1.000000,0.559948,3.000000,0.000000
topogps_no_cue,0.805000,12.475553,2258.079000,0.000000
