{
  "nn": {
    "acc": 0.805,
    "rt_ms": 0.01147569993918296,
    "coarse_visited": 0.0,
    "fine_steps": 0.0
  },
  "minsim": {
    "acc": 1.0,
    "rt_ms": 0.020821600264753215,
    "coarse_visited": 0.0,
    "fine_steps": 0.0
  },
  "graph_ppr": {
    "acc": 1.0,
    "rt_ms": 12.218839700261015,
    "coarse_visited": 0.0,
    "fine_steps": 0.0
  },
  "topogps": {
    "acc": 1.0,
    "rt_ms": 0.686656350037083,
    "coarse_visited": 3.0,
    "fine_steps": 0.0
  },
  "topogps_cuepath": {
    "acc": 1.0,
    "rt_ms": 0.559948100024485,
    "coarse_visited": 3.0,
    "fine_steps": 0.0
  },
  "topogps_no_cue": {
    "acc": 0.805,
    "rt_ms": 12.475553349795518,
    "coarse_visited": 2258.079,
    "fine_steps": 0.0
  }
}
