{
  "nn": {
    "acc": 0.0,
    "rt_ms": 0.09989999428701897,
    "coarse_visited": 0.0,
    "fine_steps": 0.0
  },
  "graph_ppr": {
    "acc": 0.6666666666666666,
    "rt_ms": 3.7242399994283915,
    "coarse_visited": 0.0,
    "fine_steps": 0.0
  },
  "topogps_cuepath": {
    "acc": 0.0,
    "rt_ms": 2.15890000302655,
    "coarse_visited": 1.0,
    "fine_steps": 0.0
  },
  "topogps_no_cue": {
    "acc": 0.0,
    "rt_ms": 1.2214866660845776,
    "coarse_visited": 4.133333333333334,
    "fine_steps": 0.0
  }
}
