method,acc,rt_ms,coarse_visited,fine_steps
graph_ppr,0.666667,3.724240,0.000000,0.000000
nn,0.000000,0.099900,0.000000,0.000000
topogps_cuepath,0.000000,2.158900,1.000000,0.000000
topogps_no_cue,0.000000,1.221487,4.133333,0.000000
