method,acc,rt_ms,coarse_visited,fine_steps
graph_ppr,1.000000,12.142882,0.000000,0.000000
minsim,1.000000,0.018087,0.000000,0.000000
nn,0.810000,0.011745,0.000000,0.000000
topogps,1.000000,0.892205,3.000000,0.000000
topogps_cuepath,1.000000,0.616913,3.000000,0.000000
topogps_no_cue,0.598000,13.334090,2381.308000,0.000000
