qid,method,success,rt_ms,coarse_visited,fine_steps,cue_a,cue_b,target_idx,pred_idx,dropout,rewire,steps,lr
0,nn,0,0.17970000044442713,0.0,0.0,763,633,1495,633,0.3,0.0,40,0.08
0,graph_ppr,1,4.8540999996475875,0.0,0.0,763,633,1495,1495,0.3,0.0,40,0.08
0,topogps_cuepath,1,2.168800012441352,3.0,0.0,763,633,1495,1495,0.3,0.0,40,0.08
0,topogps_no_cue,0,57.71600001025945,4.0,40.0,763,633,1495,633,0.3,0.0,40,0.08
1,nn,0,0.15619999612681568,0.0,0.0,272,16,1122,272,0.3,0.0,40,0.08
1,graph_ppr,1,4.344499990111217,0.0,0.0,272,16,1122,1122,0.3,0.0,40,0.08
1,topogps_cuepath,0,1.9640999962575734,1.0,0.0,272,16,1122,272,0.3,0.0,40,0.08
1,topogps_no_cue,0,56.56609998550266,2.0,40.0,272,16,1122,272,0.3,0.0,40,0.08
