{
  "nn": {
    "acc": 0.0,
    "rt_ms": 0.1679499982856214,
    "coarse_visited": 0.0,
    "fine_steps": 0.0
  },
  "graph_ppr": {
    "acc": 1.0,
    "rt_ms": 4.599299994879402,
    "coarse_visited": 0.0,
    "fine_steps": 0.0
  },
  "topogps_cuepath": {
    "acc": 0.5,
    "rt_ms": 2.0664500043494627,
    "coarse_visited": 2.0,
    "fine_steps": 0.0
  },
  "topogps_no_cue": {
    "acc": 0.0,
    "rt_ms": 57.141049997881055,
    "coarse_visited": 3.0,
    "fine_steps": 40.0
  }
}
