method,acc,rt_ms,coarse_visited,fine_steps
graph_ppr,1.000000,4.599300,0.000000,0.000000
nn,0.000000,0.167950,0.000000,0.000000
topogps_cuepath,0.500000,2.066450,2.000000,0.000000
topogps_no_cue,0.000000,57.141050,3.000000,40.000000
