{
  "graph_ppr": {
    "acc": {
      "mean": 0.2222222222222222,
      "std": 0.3849001794597505,
      "n": 3.0
    },
    "rt_ms": {
      "mean": 4.377159997885529,
      "std": 1.6521534499298314,
      "n": 3.0
    },
    "coarse_visited": {
      "mean": 0.0,
      "std": 0.0,
      "n": 3.0
    },
    "fine_steps": {
      "mean": 0.0,
      "std": 0.0,
      "n": 3.0
    }
  },
  "nn": {
    "acc": {
      "mean": 0.0,
      "std": 0.0,
      "n": 3.0
    },
    "rt_ms": {
      "mean": 0.11342333034715718,
      "std": 0.014302745605089791,
      "n": 3.0
    },
    "coarse_visited": {
      "mean": 0.0,
      "std": 0.0,
      "n": 3.0
    },
    "fine_steps": {
      "mean": 0.0,
      "std": 0.0,
      "n": 3.0
    }
  },
  "topogps": {
    "acc": {
      "mean": 0.0,
      "std": 0.0,
      "n": 3.0
    },
    "rt_ms": {
      "mean": 2.9640255489438356,
      "std": 0.1541699339933401,
      "n": 3.0
    },
    "coarse_visited": {
      "mean": 1.0,
      "std": 0.0,
      "n": 3.0
    },
    "fine_steps": {
      "mean": 0.0,
      "std": 0.0,
      "n": 3.0
    }
  },
  "topogps_no_cue": {
    "acc": {
      "mean": 0.0,
      "std": 0.0,
      "n": 3.0
    },
    "rt_ms": {
      "mean": 1.1956088933705662,
      "std": 0.04918860312497692,
      "n": 3.0
    },
    "coarse_visited": {
      "mean": 2.2111111111111112,
      "std": 1.6833608358589387,
      "n": 3.0
    },
    "fine_steps": {
      "mean": 0.0,
      "std": 0.0,
      "n": 3.0
    }
  }
}
