{
  "graph_ppr": {
    "acc": {
      "mean": 1.0,
      "std": 0.0,
      "n": 3.0
    },
    "rt_ms": {
      "mean": 5.446585555263382,
      "std": 0.8047906493142905,
      "n": 3.0
    },
    "coarse_visited": {
      "mean": 0.0,
      "std": 0.0,
      "n": 3.0
    },
    "fine_steps": {
      "mean": 0.0,
      "std": 0.0,
      "n": 3.0
    }
  },
  "nn": {
    "acc": {
      "mean": 0.0,
      "std": 0.0,
      "n": 3.0
    },
    "rt_ms": {
      "mean": 0.1232511134326665,
      "std": 0.025074641143918663,
      "n": 3.0
    },
    "coarse_visited": {
      "mean": 0.0,
      "std": 0.0,
      "n": 3.0
    },
    "fine_steps": {
      "mean": 0.0,
      "std": 0.0,
      "n": 3.0
    }
  },
  "topogps": {
    "acc": {
      "mean": 0.9777777777777779,
      "std": 0.03849001794597504,
      "n": 3.0
    },
    "rt_ms": {
      "mean": 2.9224166627197214,
      "std": 0.10368608905245527,
      "n": 3.0
    },
    "coarse_visited": {
      "mean": 2.977777777777778,
      "std": 0.038490017945975175,
      "n": 3.0
    },
    "fine_steps": {
      "mean": 0.0,
      "std": 0.0,
      "n": 3.0
    }
  },
  "topogps_no_cue": {
    "acc": {
      "mean": 0.0,
      "std": 0.0,
      "n": 3.0
    },
    "rt_ms": {
      "mean": 1.2014811114770259,
      "std": 0.005602801565377313,
      "n": 3.0
    },
    "coarse_visited": {
      "mean": 19.633333333333333,
      "std": 18.93154334261561,
      "n": 3.0
    },
    "fine_steps": {
      "mean": 0.0,
      "std": 0.0,
      "n": 3.0
    }
  }
}
