method,acc,rt_ms,coarse_visited,fine_steps
graph_ppr,1.000000,12.807706,0.000000,0.000000
minsim,0.000000,0.020078,0.000000,0.000000
nn,0.000000,0.011741,0.000000,0.000000
topogps,1.000000,23.535717,3.000000,58.568000
topogps_cuepath,1.000000,1.220910,3.000000,0.000000
topogps_no_cue,0.000000,51.046901,2479.852000,99.571000
