qid,method,success,rt_ms,coarse_visited,fine_steps,cue_a,cue_b,target_idx,pred_idx,dropout,rewire,steps,lr
0,nn,0,0.15300000086426735,0.0,0.0,763,633,1495,633,0.5,0.0,0,0.08
0,graph_ppr,1,7.601599994814023,0.0,0.0,763,633,1495,1495,0.5,0.0,0,0.08
0,topogps_cuepath,0,2.429000014672056,1.0,0.0,763,633,1495,763,0.5,0.0,0,0.08
0,topogps_no_cue,0,1.4398000203073025,2.0,0.0,763,633,1495,763,0.5,0.0,0,0.08
1,nn,0,0.0968000094871968,0.0,0.0,272,16,1122,272,0.5,0.0,0,0.08
1,graph_ppr,0,4.495000001043081,0.0,0.0,272,16,1122,46,0.5,0.0,0,0.08
1,topogps_cuepath,0,2.019999985350296,1.0,0.0,272,16,1122,272,0.5,0.0,0,0.08
1,topogps_no_cue,0,1.289600011659786,2.0,0.0,272,16,1122,272,0.5,0.0,0,0.08
