{
  "nn": {
    "acc": 0.0,
    "rt_ms": 0.12490000517573208,
    "coarse_visited": 0.0,
    "fine_steps": 0.0
  },
  "graph_ppr": {
    "acc": 0.5,
    "rt_ms": 6.048299997928552,
    "coarse_visited": 0.0,
    "fine_steps": 0.0
  },
  "topogps_cuepath": {
    "acc": 0.0,
    "rt_ms": 2.224500000011176,
    "coarse_visited": 1.0,
    "fine_steps": 0.0
  },
  "topogps_no_cue": {
    "acc": 0.0,
    "rt_ms": 1.3647000159835443,
    "coarse_visited": 2.0,
    "fine_steps": 0.0
  }
}
