method,acc,rt_ms,coarse_visited,fine_steps
graph_ppr,0.500000,6.048300,0.000000,0.000000
nn,0.000000,0.124900,0.000000,0.000000
topogps_cuepath,0.000000,2.224500,1.000000,0.000000
topogps_no_cue,0.000000,1.364700,2.000000,0.000000
