method,acc,rt_ms,coarse_visited,fine_steps
graph_ppr,0.933333,4.235607,0.000000,0.000000
nn,0.000000,0.095760,0.000000,0.000000
topogps,0.600000,2.834980,2.266667,0.000000
topogps_no_cue,0.000000,1.196247,32.000000,0.000000
