qid,method,success,rt_ms,coarse_visited,fine_steps,cue_a,cue_b,target_idx,pred_idx,dropout,rewire,steps,lr
0,nn,0,0.1587000151630491,0.0,0.0,763,633,1495,633,0.0,0.0,40,0.08
0,graph_ppr,1,6.535199994686991,0.0,0.0,763,633,1495,1495,0.0,0.0,40,0.08
0,topogps_cuepath,1,2.3886999988462776,3.0,0.0,763,633,1495,1495,0.0,0.0,40,0.08
0,topogps_no_cue,0,67.5014000153169,16.0,40.0,763,633,1495,633,0.0,0.0,40,0.08
1,nn,0,0.10420000762678683,0.0,0.0,272,16,1122,272,0.0,0.0,40,0.08
1,graph_ppr,1,6.605100003071129,0.0,0.0,272,16,1122,1122,0.0,0.0,40,0.08
1,topogps_cuepath,1,2.3566000163555145,3.0,0.0,272,16,1122,1122,0.0,0.0,40,0.08
1,topogps_no_cue,0,57.85039998590946,5.0,40.0,272,16,1122,272,0.0,0.0,40,0.08
