{
  "nn": {
    "acc": 0.0,
    "rt_ms": 0.13145001139491796,
    "coarse_visited": 0.0,
    "fine_steps": 0.0
  },
  "graph_ppr": {
    "acc": 1.0,
    "rt_ms": 6.57014999887906,
    "coarse_visited": 0.0,
    "fine_steps": 0.0
  },
  "topogps_cuepath": {
    "acc": 1.0,
    "rt_ms": 2.372650007600896,
    "coarse_visited": 3.0,
    "fine_steps": 0.0
  },
  "topogps_no_cue": {
    "acc": 0.0,
    "rt_ms": 62.67590000061318,
    "coarse_visited": 10.5,
    "fine_steps": 40.0
  }
}
