method,acc,rt_ms,coarse_visited,fine_steps
graph_ppr,1.000000,6.570150,0.000000,0.000000
nn,0.000000,0.131450,0.000000,0.000000
topogps_cuepath,1.000000,2.372650,3.000000,0.000000
topogps_no_cue,0.000000,62.675900,10.500000,40.000000
