qid,method,success,rt_ms,coarse_visited,fine_steps,cue_a,cue_b,target_idx,pred_idx,dropout,rewire,steps,lr
0,nn,0,0.14930000179447234,0.0,0.0,763,633,1495,633,0.5,0.0,40,0.08
0,graph_ppr,1,7.549100002506748,0.0,0.0,763,633,1495,1495,0.5,0.0,40,0.08
0,topogps,0,62.80820001848042,1.0,40.0,763,633,1495,763,0.5,0.0,40,0.08
0,topogps_no_cue,0,59.987800021190196,2.0,40.0,763,633,1495,633,0.5,0.0,40,0.08
1,nn,0,0.13460000627674162,0.0,0.0,272,16,1122,272,0.5,0.0,40,0.08
1,graph_ppr,0,4.453000001376495,0.0,0.0,272,16,1122,46,0.5,0.0,40,0.08
1,topogps,1,29.102700005751103,1.0,18.0,272,16,1122,1122,0.5,0.0,40,0.08
1,topogps_no_cue,0,59.768900013295934,2.0,40.0,272,16,1122,272,0.5,0.0,40,0.08
