method,acc,rt_ms,coarse_visited,fine_steps
graph_ppr,0.500000,6.001050,0.000000,0.000000
nn,0.000000,0.141950,0.000000,0.000000
topogps,0.500000,45.955450,1.000000,29.000000
topogps_no_cue,0.000000,59.878350,2.000000,40.000000
