method,acc,rt_ms,coarse_visited,fine_steps
graph_ppr,1.000000,12.141477,0.000000,0.000000
minsim,1.000000,0.019965,0.000000,0.000000
nn,0.810000,0.012418,0.000000,0.000000
topogps,1.000000,42.645758,3.000000,112.624000
topogps_cuepath,1.000000,0.618309,3.000000,0.000000
topogps_no_cue,0.500000,31.657536,2381.308000,48.941000
