{
  "graph_ppr": {
    "acc": {
      "mean": 0.9797,
      "std": 0.04539217994324574,
      "n": 5.0
    },
    "rt_ms": {
      "mean": 12.294783179980005,
      "std": 0.13231822039680866,
      "n": 5.0
    },
    "coarse_visited": {
      "mean": 0.0,
      "std": 0.0,
      "n": 5.0
    },
    "fine_steps": {
      "mean": 0.0,
      "std": 0.0,
      "n": 5.0
    }
  },
  "minsim": {
    "acc": {
      "mean": 1.0,
      "std": 0.0,
      "n": 5.0
    },
    "rt_ms": {
      "mean": 0.020783579954877496,
      "std": 0.0007948542238206481,
      "n": 5.0
    },
    "coarse_visited": {
      "mean": 0.0,
      "std": 0.0,
      "n": 5.0
    },
    "fine_steps": {
      "mean": 0.0,
      "std": 0.0,
      "n": 5.0
    }
  },
  "nn": {
    "acc": {
      "mean": 0.7666000000000001,
      "std": 0.10907646400576065,
      "n": 5.0
    },
    "rt_ms": {
      "mean": 0.011164359815302305,
      "std": 0.00026200227312447015,
      "n": 5.0
    },
    "coarse_visited": {
      "mean": 0.0,
      "std": 0.0,
      "n": 5.0
    },
    "fine_steps": {
      "mean": 0.0,
      "std": 0.0,
      "n": 5.0
    }
  },
  "topogps": {
    "acc": {
      "mean": 1.0,
      "std": 0.0,
      "n": 5.0
    },
    "rt_ms": {
      "mean": 19.095494699967094,
      "std": 0.5483342017103064,
      "n": 5.0
    },
    "coarse_visited": {
      "mean": 3.0,
      "std": 0.0,
      "n": 5.0
    },
    "fine_steps": {
      "mean": 111.13789999999999,
      "std": 3.488209809486809,
      "n": 5.0
    }
  },
  "topogps_cuepath": {
    "acc": {
      "mean": 1.0,
      "std": 0.0,
      "n": 5.0
    },
    "rt_ms": {
      "mean": 0.5606601499282988,
      "std": 0.0018698414072352571,
      "n": 5.0
    },
    "coarse_visited": {
      "mean": 3.0,
      "std": 0.0,
      "n": 5.0
    },
    "fine_steps": {
      "mean": 0.0,
      "std": 0.0,
      "n": 5.0
    }
  },
  "topogps_no_cue": {
    "acc": {
      "mean": 0.5185000000000001,
      "std": 0.1326291823091736,
      "n": 5.0
    },
    "rt_ms": {
      "mean": 17.16664747968316,
      "std": 0.8006753280490028,
      "n": 5.0
    },
    "coarse_visited": {
      "mean": 2317.4481,
      "std": 51.148216572525776,
      "n": 5.0
    },
    "fine_steps": {
      "mean": 26.148199999999996,
      "std": 4.075929887767943,
      "n": 5.0
    }
  }
}
