method,acc,rt_ms,coarse_visited,fine_steps
graph_ppr,1.000000,12.377352,0.000000,0.000000
minsim,1.000000,0.019135,0.000000,0.000000
nn,0.896500,0.011283,0.000000,0.000000
topogps,1.000000,0.692707,3.000000,0.000000
topogps_cuepath,1.000000,0.562436,3.000000,0.000000
topogps_no_cue,0.896500,12.845201,2306.500000,0.000000
