method,acc,rt_ms,coarse_visited,fine_steps
graph_ppr,1.000000,12.241031,0.000000,0.000000
minsim,1.000000,0.014426,0.000000,0.000000
nn,0.611000,0.007387,0.000000,0.000000
topogps,1.000000,40.104771,3.000000,105.828500
topogps_cuepath,1.000000,0.622007,3.000000,0.000000
topogps_no_cue,0.810000,33.322922,2446.433500,52.621500
