method,acc,rt_ms,coarse_visited,fine_steps
graph_ppr,1.000000,12.859708,0.000000,0.000000
minsim,0.000000,0.021030,0.000000,0.000000
nn,0.000000,0.011006,0.000000,0.000000
topogps,1.000000,24.387855,3.000000,61.227000
topogps_cuepath,1.000000,1.277390,3.000000,0.000000
topogps_no_cue,0.208000,54.756960,2500.000000,109.236000
