qid,method,success,rt_ms,coarse_visited,fine_steps,cue_a,cue_b,target_idx,pred_idx,dropout,rewire,steps,lr
0,nn,0,0.1542000100016594,0.0,0.0,1313,1117,132,1117,0.7,0.0,40,0.08
0,graph_ppr,0,3.6894000077154487,0.0,0.0,1313,1117,132,1,0.7,0.0,40,0.08
0,topogps,0,16.523500002222136,1.0,8.0,1313,1117,132,42,0.7,0.0,40,0.08
0,topogps_no_cue,0,62.903599988203496,1.0,40.0,1313,1117,132,1313,0.7,0.0,40,0.08
1,nn,0,0.10289999772794545,0.0,0.0,1145,628,1012,628,0.7,0.0,40,0.08
1,graph_ppr,0,3.6872999917250127,0.0,0.0,1145,628,1012,1,0.7,0.0,40,0.08
1,topogps,0,13.44099998823367,1.0,6.0,1145,628,1012,935,0.7,0.0,40,0.08
1,topogps_no_cue,0,56.32719999994151,1.0,38.0,1145,628,1012,1145,0.7,0.0,40,0.08
