method,acc,rt_ms,coarse_visited,fine_steps
graph_ppr,0.000000,3.688350,0.000000,0.000000
nn,0.000000,0.128550,0.000000,0.000000
topogps,0.000000,14.982250,1.000000,7.000000
topogps_no_cue,0.000000,59.615400,1.000000,39.000000
