{
  "nn": {
    "acc": 0.0,
    "rt_ms": 0.12855000386480242,
    "coarse_visited": 0.0,
    "fine_steps": 0.0
  },
  "graph_ppr": {
    "acc": 0.0,
    "rt_ms": 3.6883499997202307,
    "coarse_visited": 0.0,
    "fine_steps": 0.0
  },
  "topogps": {
    "acc": 0.0,
    "rt_ms": 14.982249995227903,
    "coarse_visited": 1.0,
    "fine_steps": 7.0
  },
  "topogps_no_cue": {
    "acc": 0.0,
    "rt_ms": 59.615399994072504,
    "coarse_visited": 1.0,
    "fine_steps": 39.0
  }
}
