{
  "graph_ppr": {
    "acc": {
      "mean": 0.9777777777777779,
      "std": 0.03849001794597504,
      "n": 3.0
    },
    "rt_ms": {
      "mean": 4.611752218463355,
      "std": 0.31395692467559233,
      "n": 3.0
    },
    "coarse_visited": {
      "mean": 0.0,
      "std": 0.0,
      "n": 3.0
    },
    "fine_steps": {
      "mean": 0.0,
      "std": 0.0,
      "n": 3.0
    }
  },
  "nn": {
    "acc": {
      "mean": 0.0,
      "std": 0.0,
      "n": 3.0
    },
    "rt_ms": {
      "mean": 0.15217444516666648,
      "std": 0.013674620064755965,
      "n": 3.0
    },
    "coarse_visited": {
      "mean": 0.0,
      "std": 0.0,
      "n": 3.0
    },
    "fine_steps": {
      "mean": 0.0,
      "std": 0.0,
      "n": 3.0
    }
  },
  "topogps_cuepath": {
    "acc": {
      "mean": 0.5333333333333333,
      "std": 0.05773502691896257,
      "n": 3.0
    },
    "rt_ms": {
      "mean": 2.0863311080675984,
      "std": 0.11813969231562985,
      "n": 3.0
    },
    "coarse_visited": {
      "mean": 2.088888888888889,
      "std": 0.15396007178390017,
      "n": 3.0
    },
    "fine_steps": {
      "mean": 0.0,
      "std": 0.0,
      "n": 3.0
    }
  },
  "topogps_no_cue": {
    "acc": {
      "mean": 0.0,
      "std": 0.0,
      "n": 3.0
    },
    "rt_ms": {
      "mean": 54.130336662638,
      "std": 4.07942401918441,
      "n": 3.0
    },
    "coarse_visited": {
      "mean": 12.333333333333334,
      "std": 17.03917055884274,
      "n": 3.0
    },
    "fine_steps": {
      "mean": 37.955555555555556,
      "std": 2.7213830906224734,
      "n": 3.0
    }
  }
}
