method,acc,rt_ms,coarse_visited,fine_steps
graph_ppr,1.000000,12.826597,0.000000,0.000000
minsim,0.000000,0.020067,0.000000,0.000000
nn,0.000000,0.011556,0.000000,0.000000
topogps,1.000000,1.314242,3.000000,0.000000
topogps_cuepath,1.000000,1.188516,3.000000,0.000000
topogps_no_cue,0.000000,13.648878,2485.600000,0.000000
