{
  "graph_ppr": {
    "acc": {
      "mean": 1.0,
      "std": 0.0,
      "n": 5.0
    },
    "rt_ms": {
      "mean": 12.838048879965209,
      "std": 0.0873562101733231,
      "n": 5.0
    },
    "coarse_visited": {
      "mean": 0.0,
      "std": 0.0,
      "n": 5.0
    },
    "fine_steps": {
      "mean": 0.0,
      "std": 0.0,
      "n": 5.0
    }
  },
  "minsim": {
    "acc": {
      "mean": 0.0,
      "std": 0.0,
      "n": 5.0
    },
    "rt_ms": {
      "mean": 0.018953060067724438,
      "std": 0.0009735309863140835,
      "n": 5.0
    },
    "coarse_visited": {
      "mean": 0.0,
      "std": 0.0,
      "n": 5.0
    },
    "fine_steps": {
      "mean": 0.0,
      "std": 0.0,
      "n": 5.0
    }
  },
  "nn": {
    "acc": {
      "mean": 0.0,
      "std": 0.0,
      "n": 5.0
    },
    "rt_ms": {
      "mean": 0.01142402995028533,
      "std": 4.632910994591406e-05,
      "n": 5.0
    },
    "coarse_visited": {
      "mean": 0.0,
      "std": 0.0,
      "n": 5.0
    },
    "fine_steps": {
      "mean": 0.0,
      "std": 0.0,
      "n": 5.0
    }
  },
  "topogps": {
    "acc": {
      "mean": 1.0,
      "std": 0.0,
      "n": 5.0
    },
    "rt_ms": {
      "mean": 1.5428846398397582,
      "std": 0.02132990827462665,
      "n": 5.0
    },
    "coarse_visited": {
      "mean": 3.0,
      "std": 0.0,
      "n": 5.0
    },
    "fine_steps": {
      "mean": 0.0,
      "std": 0.0,
      "n": 5.0
    }
  },
  "topogps_cuepath": {
    "acc": {
      "mean": 1.0,
      "std": 0.0,
      "n": 5.0
    },
    "rt_ms": {
      "mean": 1.2670068100851495,
      "std": 0.023296715018631613,
      "n": 5.0
    },
    "coarse_visited": {
      "mean": 3.0,
      "std": 0.0,
      "n": 5.0
    },
    "fine_steps": {
      "mean": 0.0,
      "std": 0.0,
      "n": 5.0
    }
  },
  "topogps_no_cue": {
    "acc": {
      "mean": 0.0,
      "std": 0.0,
      "n": 5.0
    },
    "rt_ms": {
      "mean": 13.762441089958884,
      "std": 0.13871609331984347,
      "n": 5.0
    },
    "coarse_visited": {
      "mean": 2492.7102999999997,
      "std": 8.263792165222986,
      "n": 5.0
    },
    "fine_steps": {
      "mean": 0.0,
      "std": 0.0,
      "n": 5.0
    }
  }
}
