{
  "graph_ppr": {
    "acc": {
      "mean": 1.0,
      "std": 0.0,
      "n": 5.0
    },
    "rt_ms": {
      "mean": 12.826732510022703,
      "std": 0.047497473998126906,
      "n": 5.0
    },
    "coarse_visited": {
      "mean": 0.0,
      "std": 0.0,
      "n": 5.0
    },
    "fine_steps": {
      "mean": 0.0,
      "std": 0.0,
      "n": 5.0
    }
  },
  "minsim": {
    "acc": {
      "mean": 0.0,
      "std": 0.0,
      "n": 5.0
    },
    "rt_ms": {
      "mean": 0.020833249943098053,
      "std": 0.0011445456382033416,
      "n": 5.0
    },
    "coarse_visited": {
      "mean": 0.0,
      "std": 0.0,
      "n": 5.0
    },
    "fine_steps": {
      "mean": 0.0,
      "std": 0.0,
      "n": 5.0
    }
  },
  "nn": {
    "acc": {
      "mean": 0.0,
      "std": 0.0,
      "n": 5.0
    },
    "rt_ms": {
      "mean": 0.011479439979302697,
      "std": 2.9321392202565265e-05,
      "n": 5.0
    },
    "coarse_visited": {
      "mean": 0.0,
      "std": 0.0,
      "n": 5.0
    },
    "fine_steps": {
      "mean": 0.0,
      "std": 0.0,
      "n": 5.0
    }
  },
  "topogps": {
    "acc": {
      "mean": 1.0,
      "std": 0.0,
      "n": 5.0
    },
    "rt_ms": {
      "mean": 9.516835999896283,
      "std": 0.8942699712288893,
      "n": 5.0
    },
    "coarse_visited": {
      "mean": 3.0,
      "std": 0.0,
      "n": 5.0
    },
    "fine_steps": {
      "mean": 49.955499999999994,
      "std": 5.612973164910017,
      "n": 5.0
    }
  },
  "topogps_cuepath": {
    "acc": {
      "mean": 1.0,
      "std": 0.0,
      "n": 5.0
    },
    "rt_ms": {
      "mean": 1.2047038600430824,
      "std": 0.025993967665278374,
      "n": 5.0
    },
    "coarse_visited": {
      "mean": 3.0,
      "std": 0.0,
      "n": 5.0
    },
    "fine_steps": {
      "mean": 0.0,
      "std": 0.0,
      "n": 5.0
    }
  },
  "topogps_no_cue": {
    "acc": {
      "mean": 0.08209999999999999,
      "std": 0.08608745553215055,
      "n": 5.0
    },
    "rt_ms": {
      "mean": 28.74362264997908,
      "std": 1.5923273436100236,
      "n": 5.0
    },
    "coarse_visited": {
      "mean": 2477.1733,
      "std": 29.001651969327515,
      "n": 5.0
    },
    "fine_steps": {
      "mean": 93.28899999999999,
      "std": 8.340473562694147,
      "n": 5.0
    }
  }
}
