method,acc,rt_ms,coarse_visited,fine_steps
graph_ppr,1.000000,12.768470,0.000000,0.000000
minsim,0.000000,0.018038,0.000000,0.000000
nn,0.000000,0.011431,0.000000,0.000000
topogps,1.000000,1.554590,3.000000,0.000000
topogps_cuepath,1.000000,1.283702,3.000000,0.000000
topogps_no_cue,0.000000,13.873865,2491.670000,0.000000
