qid,method,success,rt_ms,coarse_visited,fine_steps,cue_a,cue_b,target_idx,pred_idx,dropout,rewire,steps,lr
0,nn,0,0.15430001076310873,0.0,0.0,1313,1117,132,1117,0.0,0.0,0,0.08
0,graph_ppr,1,7.212099997559562,0.0,0.0,1313,1117,132,132,0.0,0.0,0,0.08
0,topogps,1,3.070899983868003,3.0,0.0,1313,1117,132,132,0.0,0.0,0,0.08
0,topogps_no_cue,0,1.1690999963320792,4.0,0.0,1313,1117,132,1313,0.0,0.0,0,0.08
1,nn,0,0.08849997539073229,0.0,0.0,1145,628,1012,628,0.0,0.0,0,0.08
1,graph_ppr,1,4.364699998404831,0.0,0.0,1145,628,1012,1012,0.0,0.0,0,0.08
1,topogps,1,2.7938999992329627,3.0,0.0,1145,628,1012,1012,0.0,0.0,0,0.08
1,topogps_no_cue,0,1.2325000134296715,10.0,0.0,1145,628,1012,1145,0.0,0.0,0,0.08
