{
  "nn": {
    "acc": 0.0,
    "rt_ms": 0.12139999307692051,
    "coarse_visited": 0.0,
    "fine_steps": 0.0
  },
  "graph_ppr": {
    "acc": 1.0,
    "rt_ms": 5.7883999979821965,
    "coarse_visited": 0.0,
    "fine_steps": 0.0
  },
  "topogps": {
    "acc": 1.0,
    "rt_ms": 2.932399991550483,
    "coarse_visited": 3.0,
    "fine_steps": 0.0
  },
  "topogps_no_cue": {
    "acc": 0.0,
    "rt_ms": 1.2008000048808753,
    "coarse_visited": 7.0,
    "fine_steps": 0.0
  }
}
