method,acc,rt_ms,coarse_visited,fine_steps
graph_ppr,1.000000,5.788400,0.000000,0.000000
nn,0.000000,0.121400,0.000000,0.000000
topogps,1.000000,2.932400,3.000000,0.000000
topogps_no_cue,0.000000,1.200800,7.000000,0.000000
