{
  "graph_ppr": {
    "acc": {
      "mean": 0.9777777777777779,
      "std": 0.03849001794597504,
      "n": 3.0
    },
    "rt_ms": {
      "mean": 5.393718888323444,
      "std": 1.4394532998105043,
      "n": 3.0
    },
    "coarse_visited": {
      "mean": 0.0,
      "std": 0.0,
      "n": 3.0
    },
    "fine_steps": {
      "mean": 0.0,
      "std": 0.0,
      "n": 3.0
    }
  },
  "nn": {
    "acc": {
      "mean": 0.0,
      "std": 0.0,
      "n": 3.0
    },
    "rt_ms": {
      "mean": 0.11812000755324131,
      "std": 0.021793976309334998,
      "n": 3.0
    },
    "coarse_visited": {
      "mean": 0.0,
      "std": 0.0,
      "n": 3.0
    },
    "fine_steps": {
      "mean": 0.0,
      "std": 0.0,
      "n": 3.0
    }
  },
  "topogps": {
    "acc": {
      "mean": 0.5333333333333333,
      "std": 0.05773502691896257,
      "n": 3.0
    },
    "rt_ms": {
      "mean": 3.041176662211203,
      "std": 0.2952084873516803,
      "n": 3.0
    },
    "coarse_visited": {
      "mean": 2.088888888888889,
      "std": 0.15396007178390017,
      "n": 3.0
    },
    "fine_steps": {
      "mean": 0.0,
      "std": 0.0,
      "n": 3.0
    }
  },
  "topogps_no_cue": {
    "acc": {
      "mean": 0.0,
      "std": 0.0,
      "n": 3.0
    },
    "rt_ms": {
      "mean": 1.2557155510876328,
      "std": 0.12911611533072662,
      "n": 3.0
    },
    "coarse_visited": {
      "mean": 12.333333333333334,
      "std": 17.03917055884274,
      "n": 3.0
    },
    "fine_steps": {
      "mean": 0.0,
      "std": 0.0,
      "n": 3.0
    }
  }
}
