{
  "nn": {
    "acc": 0.611,
    "rt_ms": 0.011464049981441349,
    "coarse_visited": 0.0,
    "fine_steps": 0.0
  },
  "minsim": {
    "acc": 1.0,
    "rt_ms": 0.020079750203876756,
    "coarse_visited": 0.0,
    "fine_steps": 0.0
  },
  "graph_ppr": {
    "acc": 1.0,
    "rt_ms": 12.216759349859785,
    "coarse_visited": 0.0,
    "fine_steps": 0.0
  },
  "topogps": {
    "acc": 1.0,
    "rt_ms": 18.77605079987552,
    "coarse_visited": 3.0,
    "fine_steps": 107.818
  },
  "topogps_cuepath": {
    "acc": 1.0,
    "rt_ms": 0.5623645999730797,
    "coarse_visited": 3.0,
    "fine_steps": 0.0
  },
  "topogps_no_cue": {
    "acc": 0.6125,
    "rt_ms": 17.681782999512507,
    "coarse_visited": 2397.293,
    "fine_steps": 27.7825
  }
}
