method,acc,rt_ms,coarse_visited,fine_steps
graph_ppr,1.000000,12.216759,0.000000,0.000000
minsim,1.000000,0.020080,0.000000,0.000000
nn,0.611000,0.011464,0.000000,0.000000
topogps,1.000000,18.776051,3.000000,107.818000
topogps_cuepath,1.000000,0.562365,3.000000,0.000000
topogps_no_cue,0.612500,17.681783,2397.293000,27.782500
