qid,method,success,rt_ms,coarse_visited,fine_steps,cue_a,cue_b,target_idx,pred_idx,dropout,rewire,steps,lr
0,nn,0,0.152299995534122,0.0,0.0,1313,1117,132,1117,0.0,0.0,40,0.08
0,graph_ppr,1,7.312800007639453,0.0,0.0,1313,1117,132,132,0.0,0.0,40,0.08
0,topogps,1,61.975499993423,3.0,40.0,1313,1117,132,132,0.0,0.0,40,0.08
0,topogps_no_cue,0,60.091600025771186,4.0,40.0,1313,1117,132,1313,0.0,0.0,40,0.08
1,nn,0,0.13760000001639128,0.0,0.0,1145,628,1012,628,0.0,0.0,40,0.08
1,graph_ppr,1,4.400600009830669,0.0,0.0,1145,628,1012,1012,0.0,0.0,40,0.08
1,topogps,1,60.35479999263771,3.0,40.0,1145,628,1012,1012,0.0,0.0,40,0.08
1,topogps_no_cue,0,56.88290001126006,10.0,38.0,1145,628,1012,1145,0.0,0.0,40,0.08
