method,acc,rt_ms,coarse_visited,fine_steps
graph_ppr,1.000000,5.856700,0.000000,0.000000
nn,0.000000,0.144950,0.000000,0.000000
topogps,1.000000,61.165150,3.000000,40.000000
topogps_no_cue,0.000000,58.487250,7.000000,39.000000
