qid,method,success,rt_ms,coarse_visited,fine_steps,cue_a,cue_b,target_idx,pred_idx,dropout,rewire,steps,lr
0,nn,0,0.14940000255592167,0.0,0.0,1313,1117,132,1117,0.5,0.0,0,0.08
0,graph_ppr,1,6.569299992406741,0.0,0.0,1313,1117,132,132,0.5,0.0,0,0.08
0,topogps_cuepath,0,2.3016000050120056,1.0,0.0,1313,1117,132,1313,0.5,0.0,0,0.08
0,topogps_no_cue,0,1.2781999830622226,1.0,0.0,1313,1117,132,1313,0.5,0.0,0,0.08
1,nn,0,0.17029998707585037,0.0,0.0,1145,628,1012,628,0.5,0.0,0,0.08
1,graph_ppr,0,3.376000007847324,0.0,0.0,1145,628,1012,1068,0.5,0.0,0,0.08
1,topogps_cuepath,0,1.8316000059712678,1.0,0.0,1145,628,1012,1145,0.5,0.0,0,0.08
1,topogps_no_cue,0,1.137000013841316,1.0,0.0,1145,628,1012,1145,0.5,0.0,0,0.08
