method,acc,rt_ms,coarse_visited,fine_steps
graph_ppr,0.500000,4.972650,0.000000,0.000000
nn,0.000000,0.159850,0.000000,0.000000
topogps_cuepath,0.000000,2.066600,1.000000,0.000000
topogps_no_cue,0.000000,1.207600,1.000000,0.000000
