{
  "graph_ppr": {
    "acc": {
      "mean": 0.9797,
      "std": 0.04539217994324574,
      "n": 5.0
    },
    "rt_ms": {
      "mean": 12.284556559927296,
      "std": 0.1314585596966643,
      "n": 5.0
    },
    "coarse_visited": {
      "mean": 0.0,
      "std": 0.0,
      "n": 5.0
    },
    "fine_steps": {
      "mean": 0.0,
      "std": 0.0,
      "n": 5.0
    }
  },
  "minsim": {
    "acc": {
      "mean": 1.0,
      "std": 0.0,
      "n": 5.0
    },
    "rt_ms": {
      "mean": 0.018193520102067852,
      "std": 0.003612476118017888,
      "n": 5.0
    },
    "coarse_visited": {
      "mean": 0.0,
      "std": 0.0,
      "n": 5.0
    },
    "fine_steps": {
      "mean": 0.0,
      "std": 0.0,
      "n": 5.0
    }
  },
  "nn": {
    "acc": {
      "mean": 0.7666000000000001,
      "std": 0.10907646400576065,
      "n": 5.0
    },
    "rt_ms": {
      "mean": 0.010775539831956848,
      "std": 0.003328492268896055,
      "n": 5.0
    },
    "coarse_visited": {
      "mean": 0.0,
      "std": 0.0,
      "n": 5.0
    },
    "fine_steps": {
      "mean": 0.0,
      "std": 0.0,
      "n": 5.0
    }
  },
  "topogps": {
    "acc": {
      "mean": 1.0,
      "std": 0.0,
      "n": 5.0
    },
    "rt_ms": {
      "mean": 41.71599752002803,
      "std": 1.386222642200403,
      "n": 5.0
    },
    "coarse_visited": {
      "mean": 3.0,
      "std": 0.0,
      "n": 5.0
    },
    "fine_steps": {
      "mean": 109.2479,
      "std": 3.635160680767768,
      "n": 5.0
    }
  },
  "topogps_cuepath": {
    "acc": {
      "mean": 1.0,
      "std": 0.0,
      "n": 5.0
    },
    "rt_ms": {
      "mean": 0.6168895798386075,
      "std": 0.0046533380932925195,
      "n": 5.0
    },
    "coarse_visited": {
      "mean": 3.0,
      "std": 0.0,
      "n": 5.0
    },
    "fine_steps": {
      "mean": 0.0,
      "std": 0.0,
      "n": 5.0
    }
  },
  "topogps_no_cue": {
    "acc": {
      "mean": 0.5186,
      "std": 0.18404123179331314,
      "n": 5.0
    },
    "rt_ms": {
      "mean": 33.55435859986464,
      "std": 1.847071725401458,
      "n": 5.0
    },
    "coarse_visited": {
      "mean": 2363.4512999999997,
      "std": 55.165508356218446,
      "n": 5.0
    },
    "fine_steps": {
      "mean": 54.31229999999999,
      "std": 5.260457544263616,
      "n": 5.0
    }
  }
}
