method,acc,rt_ms,coarse_visited,fine_steps
graph_ppr,0.666667,4.011080,0.000000,0.000000
nn,0.000000,0.097320,0.000000,0.000000
topogps,0.000000,2.863227,1.000000,0.000000
topogps_no_cue,0.000000,1.187227,4.133333,0.000000
