method,acc,rt_ms,coarse_visited,fine_steps
graph_ppr,0.866667,4.210000,0.000000,0.000000
nn,0.000000,0.141620,0.000000,0.000000
topogps,0.266667,45.848287,1.533333,30.600000
topogps_no_cue,0.000000,49.527367,14.533333,34.866667
