qid,method,success,rt_ms,coarse_visited,fine_steps,cue_a,cue_b,target_idx,pred_idx,dropout,rewire,steps,lr
0,nn,0,0.14870002632960677,0.0,0.0,1313,1117,132,1117,0.7,0.0,0,0.08
0,graph_ppr,0,3.751699987333268,0.0,0.0,1313,1117,132,1,0.7,0.0,0,0.08
0,topogps_cuepath,0,2.230999991297722,1.0,0.0,1313,1117,132,1313,0.7,0.0,0,0.08
0,topogps_no_cue,0,1.2270000006537884,1.0,0.0,1313,1117,132,1313,0.7,0.0,0,0.08
1,nn,0,0.08950001210905612,0.0,0.0,1145,628,1012,628,0.7,0.0,0,0.08
1,graph_ppr,0,2.2090999991633,0.0,0.0,1145,628,1012,1,0.7,0.0,0,0.08
1,topogps_cuepath,0,1.8689999997150153,1.0,0.0,1145,628,1012,1145,0.7,0.0,0,0.08
1,topogps_no_cue,0,1.3307999761309475,1.0,0.0,1145,628,1012,1145,0.7,0.0,0,0.08
