method,acc,rt_ms,coarse_visited,fine_steps
graph_ppr,0.000000,2.980400,0.000000,0.000000
nn,0.000000,0.119100,0.000000,0.000000
topogps_cuepath,0.000000,2.050000,1.000000,0.000000
topogps_no_cue,0.000000,1.278900,1.000000,0.000000
