method,acc,rt_ms,coarse_visited,fine_steps
graph_ppr,1.000000,12.767810,0.000000,0.000000
minsim,0.000000,0.018637,0.000000,0.000000
nn,0.000000,0.011387,0.000000,0.000000
topogps,1.000000,1.507307,3.000000,0.000000
topogps_cuepath,1.000000,1.226128,3.000000,0.000000
topogps_no_cue,0.000000,13.748410,2479.852000,0.000000
