qid,method,success,rt_ms,coarse_visited,fine_steps,cue_a,cue_b,target_idx,pred_idx,dropout,rewire,steps,lr
0,nn,0,0.15449998318217695,0.0,0.0,1313,1117,132,1117,0.5,0.0,40,0.08
0,graph_ppr,1,6.605200003832579,0.0,0.0,1313,1117,132,132,0.5,0.0,40,0.08
0,topogps_cuepath,0,2.4238000041805208,1.0,0.0,1313,1117,132,1313,0.5,0.0,40,0.08
0,topogps_no_cue,0,60.94680001842789,1.0,40.0,1313,1117,132,1313,0.5,0.0,40,0.08
1,nn,0,0.12340000830590725,0.0,0.0,1145,628,1012,628,0.5,0.0,40,0.08
1,graph_ppr,0,2.486000012140721,0.0,0.0,1145,628,1012,1068,0.5,0.0,40,0.08
1,topogps_cuepath,0,2.2547000262420624,1.0,0.0,1145,628,1012,1145,0.5,0.0,40,0.08
1,topogps_no_cue,0,56.08589999610558,1.0,38.0,1145,628,1012,1145,0.5,0.0,40,0.08
