{
  "nn": {
    "acc": 0.0,
    "rt_ms": 0.1389499957440421,
    "coarse_visited": 0.0,
    "fine_steps": 0.0
  },
  "graph_ppr": {
    "acc": 0.5,
    "rt_ms": 4.54560000798665,
    "coarse_visited": 0.0,
    "fine_steps": 0.0
  },
  "topogps_cuepath": {
    "acc": 0.0,
    "rt_ms": 2.3392500152112916,
    "coarse_visited": 1.0,
    "fine_steps": 0.0
  },
  "topogps_no_cue": {
    "acc": 0.0,
    "rt_ms": 58.51635000726674,
    "coarse_visited": 1.0,
    "fine_steps": 39.0
  }
}
