method,acc,rt_ms,coarse_visited,fine_steps
graph_ppr,0.500000,4.545600,0.000000,0.000000
nn,0.000000,0.138950,0.000000,0.000000
topogps_cuepath,0.000000,2.339250,1.000000,0.000000
topogps_no_cue,0.000000,58.516350,1.000000,39.000000
