method,acc,rt_ms,coarse_visited,fine_steps
graph_ppr,1.000000,12.788411,0.000000,0.000000
minsim,0.000000,0.018420,0.000000,0.000000
nn,0.000000,0.011383,0.000000,0.000000
topogps,1.000000,1.543099,3.000000,0.000000
topogps_cuepath,1.000000,1.272673,3.000000,0.000000
topogps_no_cue,0.000000,13.528086,2500.000000,0.000000
