method,acc,rt_ms,coarse_visited,fine_steps
graph_ppr,1.000000,12.804354,0.000000,0.000000
minsim,0.000000,0.018661,0.000000,0.000000
nn,0.000000,0.011106,0.000000,0.000000
topogps,1.000000,26.266886,3.000000,65.947000
topogps_cuepath,1.000000,1.255261,3.000000,0.000000
topogps_no_cue,0.000000,48.801388,2500.000000,93.801500
