qid,method,success,rt_ms,coarse_visited,fine_steps,cue_a,cue_b,target_idx,pred_idx,dropout,rewire,steps,lr
0,nn,0,0.15140001778490841,0.0,0.0,1313,1117,132,1117,0.7,0.0,40,0.08
0,graph_ppr,0,3.6865999863948673,0.0,0.0,1313,1117,132,1,0.7,0.0,40,0.08
0,topogps_cuepath,0,2.2393999970518053,1.0,0.0,1313,1117,132,1313,0.7,0.0,40,0.08
0,topogps_no_cue,0,67.15789998997934,1.0,40.0,1313,1117,132,1313,0.7,0.0,40,0.08
1,nn,0,0.12859998969361186,0.0,0.0,1145,628,1012,628,0.7,0.0,40,0.08
1,graph_ppr,0,3.4749000042211264,0.0,0.0,1145,628,1012,1,0.7,0.0,40,0.08
1,topogps_cuepath,0,2.211800019722432,1.0,0.0,1145,628,1012,1145,0.7,0.0,40,0.08
1,topogps_no_cue,0,64.91980000282638,1.0,38.0,1145,628,1012,1145,0.7,0.0,40,0.08
