{
  "nn": {
    "acc": 0.0,
    "rt_ms": 0.14000000373926014,
    "coarse_visited": 0.0,
    "fine_steps": 0.0
  },
  "graph_ppr": {
    "acc": 0.0,
    "rt_ms": 3.580749995307997,
    "coarse_visited": 0.0,
    "fine_steps": 0.0
  },
  "topogps_cuepath": {
    "acc": 0.0,
    "rt_ms": 2.2256000083871186,
    "coarse_visited": 1.0,
    "fine_steps": 0.0
  },
  "topogps_no_cue": {
    "acc": 0.0,
    "rt_ms": 66.03884999640286,
    "coarse_visited": 1.0,
    "fine_steps": 39.0
  }
}
