method,acc,rt_ms,coarse_visited,fine_steps
graph_ppr,0.000000,3.580750,0.000000,0.000000
nn,0.000000,0.140000,0.000000,0.000000
topogps_cuepath,0.000000,2.225600,1.000000,0.000000
topogps_no_cue,0.000000,66.038850,1.000000,39.000000
