qid,method,success,rt_ms,coarse_visited,fine_steps,cue_a,cue_b,target_idx,pred_idx,dropout,rewire,steps,lr
0,nn,0,0.14790002023801208,0.0,0.0,763,633,1495,633,0.3,0.0,40,0.08
0,graph_ppr,1,7.040500000584871,0.0,0.0,763,633,1495,1495,0.3,0.0,40,0.08
0,topogps,1,60.28219999279827,3.0,40.0,763,633,1495,1495,0.3,0.0,40,0.08
0,topogps_no_cue,0,56.747800001176074,4.0,40.0,763,633,1495,633,0.3,0.0,40,0.08
1,nn,0,0.15429998165927827,0.0,0.0,272,16,1122,272,0.3,0.0,40,0.08
1,graph_ppr,1,5.2912000101059675,0.0,0.0,272,16,1122,1122,0.3,0.0,40,0.08
1,topogps,1,31.561599986162037,1.0,18.0,272,16,1122,1122,0.3,0.0,40,0.08
1,topogps_no_cue,0,56.29369997768663,2.0,40.0,272,16,1122,272,0.3,0.0,40,0.08
