method,acc,rt_ms,coarse_visited,fine_steps
graph_ppr,1.000000,6.165850,0.000000,0.000000
nn,0.000000,0.151100,0.000000,0.000000
topogps,1.000000,45.921900,2.000000,29.000000
topogps_no_cue,0.000000,56.520750,3.000000,40.000000
