{
  "graph_ppr": {
    "acc": {
      "mean": 0.2222222222222222,
      "std": 0.3849001794597505,
      "n": 3.0
    },
    "rt_ms": {
      "mean": 4.615928892356654,
      "std": 1.2464998743754014,
      "n": 3.0
    },
    "coarse_visited": {
      "mean": 0.0,
      "std": 0.0,
      "n": 3.0
    },
    "fine_steps": {
      "mean": 0.0,
      "std": 0.0,
      "n": 3.0
    }
  },
  "nn": {
    "acc": {
      "mean": 0.0,
      "std": 0.0,
      "n": 3.0
    },
    "rt_ms": {
      "mean": 0.1401511108269915,
      "std": 0.010377407676138171,
      "n": 3.0
    },
    "coarse_visited": {
      "mean": 0.0,
      "std": 0.0,
      "n": 3.0
    },
    "fine_steps": {
      "mean": 0.0,
      "std": 0.0,
      "n": 3.0
    }
  },
  "topogps": {
    "acc": {
      "mean": 0.16666666666666666,
      "std": 0.2886751345948129,
      "n": 3.0
    },
    "rt_ms": {
      "mean": 37.97705999653166,
      "std": 20.03090267697982,
      "n": 3.0
    },
    "coarse_visited": {
      "mean": 1.0,
      "std": 0.0,
      "n": 3.0
    },
    "fine_steps": {
      "mean": 22.2,
      "std": 13.18787321746763,
      "n": 3.0
    }
  },
  "topogps_no_cue": {
    "acc": {
      "mean": 0.0,
      "std": 0.0,
      "n": 3.0
    },
    "rt_ms": {
      "mean": 59.62011888429212,
      "std": 2.8631745797030783,
      "n": 3.0
    },
    "coarse_visited": {
      "mean": 2.2111111111111112,
      "std": 1.6833608358589387,
      "n": 3.0
    },
    "fine_steps": {
      "mean": 37.955555555555556,
      "std": 2.7213830906224734,
      "n": 3.0
    }
  }
}
