qid,method,success,rt_ms,coarse_visited,fine_steps,cue_a,cue_b,target_idx,pred_idx,dropout,rewire,steps,lr
0,nn,0,0.15239999629557133,0.0,0.0,1313,1117,132,1117,0.5,0.0,40,0.08
0,graph_ppr,1,6.548600009409711,0.0,0.0,1313,1117,132,132,0.5,0.0,40,0.08
0,topogps,0,16.234899987466633,1.0,8.0,1313,1117,132,42,0.5,0.0,40,0.08
0,topogps_no_cue,0,63.87829998857342,1.0,40.0,1313,1117,132,1313,0.5,0.0,40,0.08
1,nn,0,0.16830000095069408,0.0,0.0,1145,628,1012,628,0.5,0.0,40,0.08
1,graph_ppr,0,2.7021999994758517,0.0,0.0,1145,628,1012,1068,0.5,0.0,40,0.08
1,topogps,0,11.689200007822365,1.0,6.0,1145,628,1012,935,0.5,0.0,40,0.08
1,topogps_no_cue,0,55.36440000287257,1.0,38.0,1145,628,1012,1145,0.5,0.0,40,0.08
