method,acc,rt_ms,coarse_visited,fine_steps
graph_ppr,0.500000,4.625400,0.000000,0.000000
nn,0.000000,0.160350,0.000000,0.000000
topogps,0.000000,13.962050,1.000000,7.000000
topogps_no_cue,0.000000,59.621350,1.000000,39.000000
