{
  "nn": {
    "acc": 0.0,
    "rt_ms": 0.1603499986231327,
    "coarse_visited": 0.0,
    "fine_steps": 0.0
  },
  "graph_ppr": {
    "acc": 0.5,
    "rt_ms": 4.625400004442781,
    "coarse_visited": 0.0,
    "fine_steps": 0.0
  },
  "topogps": {
    "acc": 0.0,
    "rt_ms": 13.962049997644499,
    "coarse_visited": 1.0,
    "fine_steps": 7.0
  },
  "topogps_no_cue": {
    "acc": 0.0,
    "rt_ms": 59.621349995722994,
    "coarse_visited": 1.0,
    "fine_steps": 39.0
  }
}
