method,acc,rt_ms,coarse_visited,fine_steps
graph_ppr,0.866667,4.245413,0.000000,0.000000
nn,0.000000,0.104247,0.000000,0.000000
topogps,0.266667,2.854447,1.533333,0.000000
topogps_no_cue,0.000000,1.212887,14.533333,0.000000
