{
  "graph_ppr": {
    "acc": {
      "mean": 0.9797,
      "std": 0.04539217994324574,
      "n": 5.0
    },
    "rt_ms": {
      "mean": 12.27026884969673,
      "std": 0.13721364171372152,
      "n": 5.0
    },
    "coarse_visited": {
      "mean": 0.0,
      "std": 0.0,
      "n": 5.0
    },
    "fine_steps": {
      "mean": 0.0,
      "std": 0.0,
      "n": 5.0
    }
  },
  "minsim": {
    "acc": {
      "mean": 1.0,
      "std": 0.0,
      "n": 5.0
    },
    "rt_ms": {
      "mean": 0.018453350031632,
      "std": 0.0024791094502869524,
      "n": 5.0
    },
    "coarse_visited": {
      "mean": 0.0,
      "std": 0.0,
      "n": 5.0
    },
    "fine_steps": {
      "mean": 0.0,
      "std": 0.0,
      "n": 5.0
    }
  },
  "nn": {
    "acc": {
      "mean": 0.7666000000000001,
      "std": 0.10907646400576065,
      "n": 5.0
    },
    "rt_ms": {
      "mean": 0.010614080069353804,
      "std": 0.0017679890481659137,
      "n": 5.0
    },
    "coarse_visited": {
      "mean": 0.0,
      "std": 0.0,
      "n": 5.0
    },
    "fine_steps": {
      "mean": 0.0,
      "std": 0.0,
      "n": 5.0
    }
  },
  "topogps": {
    "acc": {
      "mean": 1.0,
      "std": 0.0,
      "n": 5.0
    },
    "rt_ms": {
      "mean": 0.8943192298116628,
      "std": 0.008262133062737086,
      "n": 5.0
    },
    "coarse_visited": {
      "mean": 3.0,
      "std": 0.0,
      "n": 5.0
    },
    "fine_steps": {
      "mean": 0.0,
      "std": 0.0,
      "n": 5.0
    }
  },
  "topogps_cuepath": {
    "acc": {
      "mean": 1.0,
      "std": 0.0,
      "n": 5.0
    },
    "rt_ms": {
      "mean": 0.617073899981915,
      "std": 0.00732858869185447,
      "n": 5.0
    },
    "coarse_visited": {
      "mean": 3.0,
      "std": 0.0,
      "n": 5.0
    },
    "fine_steps": {
      "mean": 0.0,
      "std": 0.0,
      "n": 5.0
    }
  },
  "topogps_no_cue": {
    "acc": {
      "mean": 0.6845000000000001,
      "std": 0.12628192665619256,
      "n": 5.0
    },
    "rt_ms": {
      "mean": 13.384778169638594,
      "std": 0.3015461966694763,
      "n": 5.0
    },
    "coarse_visited": {
      "mean": 2363.4512999999997,
      "std": 55.165508356218446,
      "n": 5.0
    },
    "fine_steps": {
      "mean": 0.0,
      "std": 0.0,
      "n": 5.0
    }
  }
}
