method,acc,rt_ms,coarse_visited,fine_steps
graph_ppr,0.898500,12.467584,0.000000,0.000000
minsim,1.000000,0.019855,0.000000,0.000000
nn,0.710500,0.010986,0.000000,0.000000
topogps,1.000000,19.772144,3.000000,115.607500
topogps_cuepath,1.000000,0.560710,3.000000,0.000000
topogps_no_cue,0.491500,18.308975,2326.816000,31.869500
