method,acc,rt_ms,coarse_visited,fine_steps
graph_ppr,1.000000,12.953642,0.000000,0.000000
minsim,0.000000,0.021512,0.000000,0.000000
nn,0.000000,0.011465,0.000000,0.000000
topogps,1.000000,1.355980,3.000000,0.000000
topogps_cuepath,1.000000,1.233637,3.000000,0.000000
topogps_no_cue,0.000000,13.887130,2499.322000,0.000000
