qid,method,success,rt_ms,coarse_visited,fine_steps,cue_a,cue_b,target_idx,pred_idx,dropout,rewire,steps,lr
0,nn,0,0.15159999020397663,0.0,0.0,763,633,1495,633,0.7,0.0,0,0.08
0,graph_ppr,0,6.720599980326369,0.0,0.0,763,633,1495,1983,0.7,0.0,0,0.08
0,topogps,0,3.2987000013235956,1.0,0.0,763,633,1495,763,0.7,0.0,0,0.08
0,topogps_no_cue,0,1.1645000195130706,1.0,0.0,763,633,1495,763,0.7,0.0,0,0.08
1,nn,0,0.08499997784383595,0.0,0.0,272,16,1122,272,0.7,0.0,0,0.08
1,graph_ppr,0,5.642700009047985,0.0,0.0,272,16,1122,46,0.7,0.0,0,0.08
1,topogps,0,2.9842999938409775,1.0,0.0,272,16,1122,272,0.7,0.0,0,0.08
1,topogps_no_cue,0,1.1377999908290803,2.0,0.0,272,16,1122,272,0.7,0.0,0,0.08
