method,acc,rt_ms,coarse_visited,fine_steps
graph_ppr,0.000000,6.181650,0.000000,0.000000
nn,0.000000,0.118300,0.000000,0.000000
topogps,0.000000,3.141500,1.000000,0.000000
topogps_no_cue,0.000000,1.151150,1.500000,0.000000
