{
  "nn": {
    "acc": 0.0,
    "rt_ms": 0.11829998402390629,
    "coarse_visited": 0.0,
    "fine_steps": 0.0
  },
  "graph_ppr": {
    "acc": 0.0,
    "rt_ms": 6.181649994687177,
    "coarse_visited": 0.0,
    "fine_steps": 0.0
  },
  "topogps": {
    "acc": 0.0,
    "rt_ms": 3.1414999975822866,
    "coarse_visited": 1.0,
    "fine_steps": 0.0
  },
  "topogps_no_cue": {
    "acc": 0.0,
    "rt_ms": 1.1511500051710755,
    "coarse_visited": 1.5,
    "fine_steps": 0.0
  }
}
