qid,method,success,rt_ms,coarse_visited,fine_steps,cue_a,cue_b,target_idx,pred_idx,dropout,rewire,steps,lr
0,nn,0,0.15480001457035542,0.0,0.0,1313,1117,132,1117,0.0,0.0,0,0.08
0,graph_ppr,1,7.139599998481572,0.0,0.0,1313,1117,132,132,0.0,0.0,0,0.08
0,topogps_cuepath,1,2.1695999894291162,3.0,0.0,1313,1117,132,132,0.0,0.0,0,0.08
0,topogps_no_cue,0,1.201399980345741,4.0,0.0,1313,1117,132,1313,0.0,0.0,0,0.08
1,nn,0,0.09159999899566174,0.0,0.0,1145,628,1012,628,0.0,0.0,0,0.08
1,graph_ppr,1,4.637999983970076,0.0,0.0,1145,628,1012,1012,0.0,0.0,0,0.08
1,topogps_cuepath,1,1.820300007238984,3.0,0.0,1145,628,1012,1012,0.0,0.0,0,0.08
1,topogps_no_cue,0,1.1916000221390277,10.0,0.0,1145,628,1012,1145,0.0,0.0,0,0.08
