method,acc,rt_ms,coarse_visited,fine_steps
graph_ppr,1.000000,5.888800,0.000000,0.000000
nn,0.000000,0.123200,0.000000,0.000000
topogps_cuepath,1.000000,1.994950,3.000000,0.000000
topogps_no_cue,0.000000,1.196500,7.000000,0.000000
