{
  "nn": {
    "acc": 0.0,
    "rt_ms": 0.12320000678300858,
    "coarse_visited": 0.0,
    "fine_steps": 0.0
  },
  "graph_ppr": {
    "acc": 1.0,
    "rt_ms": 5.888799991225824,
    "coarse_visited": 0.0,
    "fine_steps": 0.0
  },
  "topogps_cuepath": {
    "acc": 1.0,
    "rt_ms": 1.9949499983340502,
    "coarse_visited": 3.0,
    "fine_steps": 0.0
  },
  "topogps_no_cue": {
    "acc": 0.0,
    "rt_ms": 1.1965000012423843,
    "coarse_visited": 7.0,
    "fine_steps": 0.0
  }
}
