method,acc,rt_ms,coarse_visited,fine_steps
graph_ppr,0.898500,12.371316,0.000000,0.000000
minsim,1.000000,0.019135,0.000000,0.000000
nn,0.710500,0.010976,0.000000,0.000000
topogps,1.000000,0.690740,3.000000,0.000000
topogps_cuepath,1.000000,0.566992,3.000000,0.000000
topogps_no_cue,0.710500,13.019093,2326.816000,0.000000
