method,acc,rt_ms,coarse_visited,fine_steps
graph_ppr,1.000000,12.798197,0.000000,0.000000
minsim,0.000000,0.021524,0.000000,0.000000
nn,0.000000,0.011502,0.000000,0.000000
topogps,1.000000,8.726962,3.000000,45.795000
topogps_cuepath,1.000000,1.194196,3.000000,0.000000
topogps_no_cue,0.102500,28.428766,2485.600000,92.705000
