{
  "graph_ppr": {
    "acc": {
      "mean": 1.0,
      "std": 0.0,
      "n": 5.0
    },
    "rt_ms": {
      "mean": 12.825281719950727,
      "std": 0.0417531105673906,
      "n": 5.0
    },
    "coarse_visited": {
      "mean": 0.0,
      "std": 0.0,
      "n": 5.0
    },
    "fine_steps": {
      "mean": 0.0,
      "std": 0.0,
      "n": 5.0
    }
  },
  "minsim": {
    "acc": {
      "mean": 0.0,
      "std": 0.0,
      "n": 5.0
    },
    "rt_ms": {
      "mean": 0.020079239990445787,
      "std": 0.0008832357731415141,
      "n": 5.0
    },
    "coarse_visited": {
      "mean": 0.0,
      "std": 0.0,
      "n": 5.0
    },
    "fine_steps": {
      "mean": 0.0,
      "std": 0.0,
      "n": 5.0
    }
  },
  "nn": {
    "acc": {
      "mean": 0.0,
      "std": 0.0,
      "n": 5.0
    },
    "rt_ms": {
      "mean": 0.01121649007545784,
      "std": 0.00029688434112256794,
      "n": 5.0
    },
    "coarse_visited": {
      "mean": 0.0,
      "std": 0.0,
      "n": 5.0
    },
    "fine_steps": {
      "mean": 0.0,
      "std": 0.0,
      "n": 5.0
    }
  },
  "topogps": {
    "acc": {
      "mean": 1.0,
      "std": 0.0,
      "n": 5.0
    },
    "rt_ms": {
      "mean": 25.28794529030274,
      "std": 2.061155755848776,
      "n": 5.0
    },
    "coarse_visited": {
      "mean": 3.0,
      "std": 0.0,
      "n": 5.0
    },
    "fine_steps": {
      "mean": 63.0918,
      "std": 5.22525808692738,
      "n": 5.0
    }
  },
  "topogps_cuepath": {
    "acc": {
      "mean": 1.0,
      "std": 0.0,
      "n": 5.0
    },
    "rt_ms": {
      "mean": 1.2605104600603227,
      "std": 0.02383224352105624,
      "n": 5.0
    },
    "coarse_visited": {
      "mean": 3.0,
      "std": 0.0,
      "n": 5.0
    },
    "fine_steps": {
      "mean": 0.0,
      "std": 0.0,
      "n": 5.0
    }
  },
  "topogps_no_cue": {
    "acc": {
      "mean": 0.062,
      "std": 0.09280086206496144,
      "n": 5.0
    },
    "rt_ms": {
      "mean": 53.769406629982406,
      "std": 3.9302658829690027,
      "n": 5.0
    },
    "coarse_visited": {
      "mean": 2492.7102999999997,
      "std": 8.263792165222986,
      "n": 5.0
    },
    "fine_steps": {
      "mean": 106.4254,
      "std": 10.074028299295174,
      "n": 5.0
    }
  }
}
