method,acc,rt_ms,coarse_visited,fine_steps
graph_ppr,1.000000,12.877485,0.000000,0.000000
minsim,0.000000,0.020531,0.000000,0.000000
nn,0.000000,0.011112,0.000000,0.000000
topogps,1.000000,28.443531,3.000000,70.811500
topogps_cuepath,1.000000,1.274349,3.000000,0.000000
topogps_no_cue,0.000000,55.352484,2492.029500,109.621500
