qid,method,success,rt_ms,coarse_visited,fine_steps,cue_a,cue_b,target_idx,pred_idx,dropout,rewire,steps,lr
0,nn,0,0.14960000407882035,0.0,0.0,1313,1117,132,1117,0.5,0.0,0,0.08
0,graph_ppr,1,6.521700008306652,0.0,0.0,1313,1117,132,132,0.5,0.0,0,0.08
0,topogps,0,3.002899989951402,1.0,0.0,1313,1117,132,1313,0.5,0.0,0,0.08
0,topogps_no_cue,0,1.1992999934591353,1.0,0.0,1313,1117,132,1313,0.5,0.0,0,0.08
1,nn,0,0.13279999257065356,0.0,0.0,1145,628,1012,628,0.5,0.0,0,0.08
1,graph_ppr,0,2.419999975245446,0.0,0.0,1145,628,1012,1068,0.5,0.0,0,0.08
1,topogps,0,3.0891000060364604,1.0,0.0,1145,628,1012,1145,0.5,0.0,0,0.08
1,topogps_no_cue,0,1.1728999961633235,1.0,0.0,1145,628,1012,1145,0.5,0.0,0,0.08
