method,acc,rt_ms,coarse_visited,fine_steps
graph_ppr,0.500000,4.470850,0.000000,0.000000
nn,0.000000,0.141200,0.000000,0.000000
topogps,0.000000,3.046000,1.000000,0.000000
topogps_no_cue,0.000000,1.186100,1.000000,0.000000
