{
  "nn": {
    "acc": 0.0,
    "rt_ms": 0.14119999832473695,
    "coarse_visited": 0.0,
    "fine_steps": 0.0
  },
  "graph_ppr": {
    "acc": 0.5,
    "rt_ms": 4.470849991776049,
    "coarse_visited": 0.0,
    "fine_steps": 0.0
  },
  "topogps": {
    "acc": 0.0,
    "rt_ms": 3.045999997993931,
    "coarse_visited": 1.0,
    "fine_steps": 0.0
  },
  "topogps_no_cue": {
    "acc": 0.0,
    "rt_ms": 1.1860999948112294,
    "coarse_visited": 1.0,
    "fine_steps": 0.0
  }
}
