method,acc,rt_ms,coarse_visited,fine_steps
graph_ppr,0.898500,12.467392,0.000000,0.000000
minsim,1.000000,0.019995,0.000000,0.000000
nn,0.710500,0.011412,0.000000,0.000000
topogps,1.000000,0.899488,3.000000,0.000000
topogps_cuepath,1.000000,0.619038,3.000000,0.000000
topogps_no_cue,0.610500,13.425749,2360.788000,0.000000
