{
  "nn": {
    "acc": 0.0,
    "rt_ms": 0.1494600010725359,
    "coarse_visited": 0.0,
    "fine_steps": 0.0
  },
  "graph_ppr": {
    "acc": 1.0,
    "rt_ms": 4.445346660213545,
    "coarse_visited": 0.0,
    "fine_steps": 0.0
  },
  "topogps_cuepath": {
    "acc": 0.9333333333333333,
    "rt_ms": 2.059139998164028,
    "coarse_visited": 2.933333333333333,
    "fine_steps": 0.0
  },
  "topogps_no_cue": {
    "acc": 0.0,
    "rt_ms": 50.62938666281601,
    "coarse_visited": 41.4,
    "fine_steps": 34.86666666666667
  }
}
