method,acc,rt_ms,coarse_visited,fine_steps
graph_ppr,1.000000,4.445347,0.000000,0.000000
nn,0.000000,0.149460,0.000000,0.000000
topogps_cuepath,0.933333,2.059140,2.933333,0.000000
topogps_no_cue,0.000000,50.629387,41.400000,34.866667
