method,acc,rt_ms,coarse_visited,fine_steps
graph_ppr,0.933333,4.127080,0.000000,0.000000
nn,0.000000,0.148120,0.000000,0.000000
topogps,0.600000,55.717787,2.266667,38.200000
topogps_no_cue,0.000000,49.457793,32.000000,34.866667
