{
  "nn": {
    "acc": 0.0,
    "rt_ms": 0.14812000251064697,
    "coarse_visited": 0.0,
    "fine_steps": 0.0
  },
  "graph_ppr": {
    "acc": 0.9333333333333333,
    "rt_ms": 4.1270800031876815,
    "coarse_visited": 0.0,
    "fine_steps": 0.0
  },
  "topogps": {
    "acc": 0.6,
    "rt_ms": 55.71778666538497,
    "coarse_visited": 2.2666666666666666,
    "fine_steps": 38.2
  },
  "topogps_no_cue": {
    "acc": 0.0,
    "rt_ms": 49.45779333550794,
    "coarse_visited": 32.0,
    "fine_steps": 34.86666666666667
  }
}
