method,acc,rt_ms,coarse_visited,fine_steps
graph_ppr,1.000000,12.170623,0.000000,0.000000
minsim,1.000000,0.014315,0.000000,0.000000
nn,0.805000,0.007488,0.000000,0.000000
topogps,1.000000,0.905544,3.000000,0.000000
topogps_cuepath,1.000000,0.628235,3.000000,0.000000
topogps_no_cue,0.706500,13.245679,2322.781000,0.000000
