method,acc,rt_ms,coarse_visited,fine_steps
graph_ppr,1.000000,12.804973,0.000000,0.000000
minsim,0.000000,0.018981,0.000000,0.000000
nn,0.000000,0.011478,0.000000,0.000000
topogps,1.000000,9.339890,3.000000,48.212000
topogps_cuepath,1.000000,1.206292,3.000000,0.000000
topogps_no_cue,0.000000,29.915059,2491.135000,99.787500
