method,acc,rt_ms,coarse_visited,fine_steps
graph_ppr,0.866667,4.020980,0.000000,0.000000
nn,0.000000,0.116487,0.000000,0.000000
topogps_cuepath,0.266667,2.049180,1.533333,0.000000
topogps_no_cue,0.000000,1.224360,14.533333,0.000000
