{
  "nn": {
    "acc": 0.0,
    "rt_ms": 0.11648667083742718,
    "coarse_visited": 0.0,
    "fine_steps": 0.0
  },
  "graph_ppr": {
    "acc": 0.8666666666666667,
    "rt_ms": 4.020980004376422,
    "coarse_visited": 0.0,
    "fine_steps": 0.0
  },
  "topogps_cuepath": {
    "acc": 0.26666666666666666,
    "rt_ms": 2.0491799999338887,
    "coarse_visited": 1.5333333333333334,
    "fine_steps": 0.0
  },
  "topogps_no_cue": {
    "acc": 0.0,
    "rt_ms": 1.2243599999540795,
    "coarse_visited": 14.533333333333333,
    "fine_steps": 0.0
  }
}
