qid,method,success,rt_ms,coarse_visited,fine_steps,cue_a,cue_b,target_idx,pred_idx,dropout,rewire,steps,lr
0,nn,0,0.14930000179447234,0.0,0.0,1313,1117,132,1117,0.3,0.0,0,0.08
0,graph_ppr,1,7.292800000868738,0.0,0.0,1313,1117,132,132,0.3,0.0,0,0.08
0,topogps,1,3.0753999890293926,3.0,0.0,1313,1117,132,132,0.3,0.0,0,0.08
0,topogps_no_cue,0,1.1926000006496906,3.0,0.0,1313,1117,132,1313,0.3,0.0,0,0.08
1,nn,0,0.08930001058615744,0.0,0.0,1145,628,1012,628,0.3,0.0,0,0.08
1,graph_ppr,1,2.5877000007312745,0.0,0.0,1145,628,1012,1012,0.3,0.0,0,0.08
1,topogps,0,2.742999990005046,1.0,0.0,1145,628,1012,1145,0.3,0.0,0,0.08
1,topogps_no_cue,0,1.1414999898988754,1.0,0.0,1145,628,1012,1145,0.3,0.0,0,0.08
