method,acc,rt_ms,coarse_visited,fine_steps
graph_ppr,1.000000,4.940250,0.000000,0.000000
nn,0.000000,0.119300,0.000000,0.000000
topogps,0.500000,2.909200,2.000000,0.000000
topogps_no_cue,0.000000,1.167050,2.000000,0.000000
