{
  "nn": {
    "acc": 0.0,
    "rt_ms": 0.11930000619031489,
    "coarse_visited": 0.0,
    "fine_steps": 0.0
  },
  "graph_ppr": {
    "acc": 1.0,
    "rt_ms": 4.940250000800006,
    "coarse_visited": 0.0,
    "fine_steps": 0.0
  },
  "topogps": {
    "acc": 0.5,
    "rt_ms": 2.9091999895172194,
    "coarse_visited": 2.0,
    "fine_steps": 0.0
  },
  "topogps_no_cue": {
    "acc": 0.0,
    "rt_ms": 1.167049995274283,
    "coarse_visited": 2.0,
    "fine_steps": 0.0
  }
}
