method,acc,rt_ms,coarse_visited,fine_steps
graph_ppr,1.000000,12.776552,0.000000,0.000000
minsim,0.000000,0.021144,0.000000,0.000000
nn,0.000000,0.011484,0.000000,0.000000
topogps,1.000000,10.985366,3.000000,59.568000
topogps_cuepath,1.000000,1.168033,3.000000,0.000000
topogps_no_cue,0.102000,26.098231,2426.478500,79.282500
