method,acc,rt_ms,coarse_visited,fine_steps
graph_ppr,0.933333,4.351913,0.000000,0.000000
nn,0.000000,0.106513,0.000000,0.000000
topogps_cuepath,0.600000,2.002660,2.266667,0.000000
topogps_no_cue,0.000000,1.270840,32.000000,0.000000
