qid,method,success,rt_ms,coarse_visited,fine_steps,cue_a,cue_b,target_idx,pred_idx,dropout,rewire,steps,lr
0,nn,0,0.16080000204965472,0.0,0.0,763,633,1495,633,0.7,0.0,0,0.08
0,graph_ppr,0,4.015999991679564,0.0,0.0,763,633,1495,1983,0.7,0.0,0,0.08
0,topogps_cuepath,0,2.1209999977145344,1.0,0.0,763,633,1495,763,0.7,0.0,0,0.08
0,topogps_no_cue,0,1.1868999863509089,1.0,0.0,763,633,1495,763,0.7,0.0,0,0.08
1,nn,0,0.08629998774267733,0.0,0.0,272,16,1122,272,0.7,0.0,0,0.08
1,graph_ppr,0,4.439899988938123,0.0,0.0,272,16,1122,46,0.7,0.0,0,0.08
1,topogps_cuepath,0,2.0216999982949346,1.0,0.0,272,16,1122,272,0.7,0.0,0,0.08
1,topogps_no_cue,0,1.2590999831445515,2.0,0.0,272,16,1122,272,0.7,0.0,0,0.08
