method,acc,rt_ms,coarse_visited,fine_steps
graph_ppr,0.000000,4.227950,0.000000,0.000000
nn,0.000000,0.123550,0.000000,0.000000
topogps_cuepath,0.000000,2.071350,1.000000,0.000000
topogps_no_cue,0.000000,1.223000,1.500000,0.000000
