method,acc,rt_ms,coarse_visited,fine_steps
graph_ppr,1.000000,12.777156,0.000000,0.000000
minsim,0.000000,0.020096,0.000000,0.000000
nn,0.000000,0.011117,0.000000,0.000000
topogps,1.000000,23.805737,3.000000,58.905500
topogps_cuepath,1.000000,1.274642,3.000000,0.000000
topogps_no_cue,0.102000,58.889301,2491.670000,119.897000
