{
  "graph_ppr": {
    "acc": {
      "mean": 1.0,
      "std": 0.0,
      "n": 3.0
    },
    "rt_ms": {
      "mean": 5.5642655517052235,
      "std": 1.0669020087162235,
      "n": 3.0
    },
    "coarse_visited": {
      "mean": 0.0,
      "std": 0.0,
      "n": 3.0
    },
    "fine_steps": {
      "mean": 0.0,
      "std": 0.0,
      "n": 3.0
    }
  },
  "nn": {
    "acc": {
      "mean": 0.0,
      "std": 0.0,
      "n": 3.0
    },
    "rt_ms": {
      "mean": 0.13883667060225788,
      "std": 0.009431169741618652,
      "n": 3.0
    },
    "coarse_visited": {
      "mean": 0.0,
      "std": 0.0,
      "n": 3.0
    },
    "fine_steps": {
      "mean": 0.0,
      "std": 0.0,
      "n": 3.0
    }
  },
  "topogps_cuepath": {
    "acc": {
      "mean": 0.9777777777777779,
      "std": 0.03849001794597504,
      "n": 3.0
    },
    "rt_ms": {
      "mean": 2.2004799985249215,
      "std": 0.15901257366103239,
      "n": 3.0
    },
    "coarse_visited": {
      "mean": 2.977777777777778,
      "std": 0.038490017945975175,
      "n": 3.0
    },
    "fine_steps": {
      "mean": 0.0,
      "std": 0.0,
      "n": 3.0
    }
  },
  "topogps_no_cue": {
    "acc": {
      "mean": 0.0,
      "std": 0.0,
      "n": 3.0
    },
    "rt_ms": {
      "mean": 57.00116221818866,
      "std": 6.053430196353028,
      "n": 3.0
    },
    "coarse_visited": {
      "mean": 19.633333333333333,
      "std": 18.93154334261561,
      "n": 3.0
    },
    "fine_steps": {
      "mean": 37.955555555555556,
      "std": 2.7213830906224734,
      "n": 3.0
    }
  }
}
