qid,method,success,rt_ms,coarse_visited,fine_steps,cue_a,cue_b,target_idx,pred_idx,dropout,rewire,steps,lr
0,nn,0,0.1587000151630491,0.0,0.0,763,633,1495,633,0.0,0.0,0,0.08
0,graph_ppr,1,7.321500015677884,0.0,0.0,763,633,1495,1495,0.0,0.0,0,0.08
0,topogps,1,3.3048999903257936,3.0,0.0,763,633,1495,1495,0.0,0.0,0,0.08
0,topogps_no_cue,0,1.2382999993860722,16.0,0.0,763,633,1495,763,0.0,0.0,0,0.08
1,nn,0,0.13970001600682735,0.0,0.0,272,16,1122,272,0.0,0.0,0,0.08
1,graph_ppr,1,4.726599989226088,0.0,0.0,272,16,1122,1122,0.0,0.0,0,0.08
1,topogps,1,2.7365999994799495,3.0,0.0,272,16,1122,1122,0.0,0.0,0,0.08
1,topogps_no_cue,0,1.1541999992914498,5.0,0.0,272,16,1122,272,0.0,0.0,0,0.08
