method,acc,rt_ms,coarse_visited,fine_steps
graph_ppr,1.000000,6.024050,0.000000,0.000000
nn,0.000000,0.149200,0.000000,0.000000
topogps,1.000000,3.020750,3.000000,0.000000
topogps_no_cue,0.000000,1.196250,10.500000,0.000000
