{
  "nn": {
    "acc": 0.0,
    "rt_ms": 0.14920001558493823,
    "coarse_visited": 0.0,
    "fine_steps": 0.0
  },
  "graph_ppr": {
    "acc": 1.0,
    "rt_ms": 6.024050002451986,
    "coarse_visited": 0.0,
    "fine_steps": 0.0
  },
  "topogps": {
    "acc": 1.0,
    "rt_ms": 3.0207499949028715,
    "coarse_visited": 3.0,
    "fine_steps": 0.0
  },
  "topogps_no_cue": {
    "acc": 0.0,
    "rt_ms": 1.196249999338761,
    "coarse_visited": 10.5,
    "fine_steps": 0.0
  }
}
