{
  "nn": {
    "acc": 0.611,
    "rt_ms": 0.011739499779650941,
    "coarse_visited": 0.0,
    "fine_steps": 0.0
  },
  "minsim": {
    "acc": 1.0,
    "rt_ms": 0.01925870000559371,
    "coarse_visited": 0.0,
    "fine_steps": 0.0
  },
  "graph_ppr": {
    "acc": 1.0,
    "rt_ms": 12.244652550230967,
    "coarse_visited": 0.0,
    "fine_steps": 0.0
  },
  "topogps": {
    "acc": 1.0,
    "rt_ms": 0.6951045499299653,
    "coarse_visited": 3.0,
    "fine_steps": 0.0
  },
  "topogps_cuepath": {
    "acc": 1.0,
    "rt_ms": 0.5642188000638271,
    "coarse_visited": 3.0,
    "fine_steps": 0.0
  },
  "topogps_no_cue": {
    "acc": 0.611,
    "rt_ms": 13.107333299267339,
    "coarse_visited": 2397.293,
    "fine_steps": 0.0
  }
}
