method,acc,rt_ms,coarse_visited,fine_steps
graph_ppr,1.000000,12.244653,0.000000,0.000000
minsim,1.000000,0.019259,0.000000,0.000000
nn,0.611000,0.011739,0.000000,0.000000
topogps,1.000000,0.695105,3.000000,0.000000
topogps_cuepath,1.000000,0.564219,3.000000,0.000000
topogps_no_cue,0.611000,13.107333,2397.293000,0.000000
