method,acc,rt_ms,coarse_visited,fine_steps
graph_ppr,1.000000,12.919760,0.000000,0.000000
minsim,0.000000,0.020547,0.000000,0.000000
nn,0.000000,0.011498,0.000000,0.000000
topogps,1.000000,1.546432,3.000000,0.000000
topogps_cuepath,1.000000,1.273299,3.000000,0.000000
topogps_no_cue,0.000000,13.836172,2492.029500,0.000000
