{
  "graph_ppr": {
    "acc": {
      "mean": 0.2222222222222222,
      "std": 0.3849001794597505,
      "n": 3.0
    },
    "rt_ms": {
      "mean": 3.644196660995173,
      "std": 0.6276148905277038,
      "n": 3.0
    },
    "coarse_visited": {
      "mean": 0.0,
      "std": 0.0,
      "n": 3.0
    },
    "fine_steps": {
      "mean": 0.0,
      "std": 0.0,
      "n": 3.0
    }
  },
  "nn": {
    "acc": {
      "mean": 0.0,
      "std": 0.0,
      "n": 3.0
    },
    "rt_ms": {
      "mean": 0.11418333613417214,
      "std": 0.012568252130789019,
      "n": 3.0
    },
    "coarse_visited": {
      "mean": 0.0,
      "std": 0.0,
      "n": 3.0
    },
    "fine_steps": {
      "mean": 0.0,
      "std": 0.0,
      "n": 3.0
    }
  },
  "topogps_cuepath": {
    "acc": {
      "mean": 0.0,
      "std": 0.0,
      "n": 3.0
    },
    "rt_ms": {
      "mean": 2.0934166655125512,
      "std": 0.05770620651757744,
      "n": 3.0
    },
    "coarse_visited": {
      "mean": 1.0,
      "std": 0.0,
      "n": 3.0
    },
    "fine_steps": {
      "mean": 0.0,
      "std": 0.0,
      "n": 3.0
    }
  },
  "topogps_no_cue": {
    "acc": {
      "mean": 0.0,
      "std": 0.0,
      "n": 3.0
    },
    "rt_ms": {
      "mean": 1.2411288797415585,
      "std": 0.032719489908577384,
      "n": 3.0
    },
    "coarse_visited": {
      "mean": 2.2111111111111112,
      "std": 1.6833608358589387,
      "n": 3.0
    },
    "fine_steps": {
      "mean": 0.0,
      "std": 0.0,
      "n": 3.0
    }
  }
}
