{
  "graph_ppr": {
    "acc": {
      "mean": 0.6222222222222222,
      "std": 0.2116950987028628,
      "n": 3.0
    },
    "rt_ms": {
      "mean": 5.013976667477336,
      "std": 1.0142916292367619,
      "n": 3.0
    },
    "coarse_visited": {
      "mean": 0.0,
      "std": 0.0,
      "n": 3.0
    },
    "fine_steps": {
      "mean": 0.0,
      "std": 0.0,
      "n": 3.0
    }
  },
  "nn": {
    "acc": {
      "mean": 0.0,
      "std": 0.0,
      "n": 3.0
    },
    "rt_ms": {
      "mean": 0.1337455569430151,
      "std": 0.022995158320089006,
      "n": 3.0
    },
    "coarse_visited": {
      "mean": 0.0,
      "std": 0.0,
      "n": 3.0
    },
    "fine_steps": {
      "mean": 0.0,
      "std": 0.0,
      "n": 3.0
    }
  },
  "topogps_cuepath": {
    "acc": {
      "mean": 0.08888888888888889,
      "std": 0.1539600717839002,
      "n": 3.0
    },
    "rt_ms": {
      "mean": 2.1134266684789007,
      "std": 0.09658585756552084,
      "n": 3.0
    },
    "coarse_visited": {
      "mean": 1.1777777777777778,
      "std": 0.30792014356780045,
      "n": 3.0
    },
    "fine_steps": {
      "mean": 0.0,
      "std": 0.0,
      "n": 3.0
    }
  },
  "topogps_no_cue": {
    "acc": {
      "mean": 0.0,
      "std": 0.0,
      "n": 3.0
    },
    "rt_ms": {
      "mean": 1.2655533381297976,
      "std": 0.08627150288284835,
      "n": 3.0
    },
    "coarse_visited": {
      "mean": 5.844444444444444,
      "std": 7.541391953253232,
      "n": 3.0
    },
    "fine_steps": {
      "mean": 0.0,
      "std": 0.0,
      "n": 3.0
    }
  }
}
