method,acc,rt_ms,coarse_visited,fine_steps
graph_ppr,1.000000,12.945794,0.000000,0.000000
minsim,0.000000,0.019125,0.000000,0.000000
nn,0.000000,0.011422,0.000000,0.000000
topogps,1.000000,1.562995,3.000000,0.000000
topogps_cuepath,1.000000,1.279232,3.000000,0.000000
topogps_no_cue,0.000000,13.825671,2500.000000,0.000000
