qid,method,success,rt_ms,coarse_visited,fine_steps,cue_a,cue_b,target_idx,pred_idx,dropout,rewire,steps,lr
0,nn,0,0.15320000238716602,0.0,0.0,1313,1117,132,1117,0.7,0.0,0,0.08
0,graph_ppr,0,3.6903999862261117,0.0,0.0,1313,1117,132,1,0.7,0.0,0,0.08
0,topogps,0,3.0316999764181674,1.0,0.0,1313,1117,132,1313,0.7,0.0,0,0.08
0,topogps_no_cue,0,1.2321000103838742,1.0,0.0,1313,1117,132,1313,0.7,0.0,0,0.08
1,nn,0,0.09610000415705144,0.0,0.0,1145,628,1012,628,0.7,0.0,0,0.08
1,graph_ppr,0,2.1871000062674284,0.0,0.0,1145,628,1012,1,0.7,0.0,0,0.08
1,topogps,0,2.742999990005046,1.0,0.0,1145,628,1012,1145,0.7,0.0,0,0.08
1,topogps_no_cue,0,1.2647999974433333,1.0,0.0,1145,628,1012,1145,0.7,0.0,0,0.08
