method,acc,rt_ms,coarse_visited,fine_steps
graph_ppr,0.000000,2.938750,0.000000,0.000000
nn,0.000000,0.124650,0.000000,0.000000
topogps,0.000000,2.887350,1.000000,0.000000
topogps_no_cue,0.000000,1.248450,1.000000,0.000000
