{
  "nn": {
    "acc": 0.0,
    "rt_ms": 0.12465000327210873,
    "coarse_visited": 0.0,
    "fine_steps": 0.0
  },
  "graph_ppr": {
    "acc": 0.0,
    "rt_ms": 2.93874999624677,
    "coarse_visited": 0.0,
    "fine_steps": 0.0
  },
  "topogps": {
    "acc": 0.0,
    "rt_ms": 2.8873499832116067,
    "coarse_visited": 1.0,
    "fine_steps": 0.0
  },
  "topogps_no_cue": {
    "acc": 0.0,
    "rt_ms": 1.2484500039136037,
    "coarse_visited": 1.0,
    "fine_steps": 0.0
  }
}
