{
  "graph_ppr": {
    "acc": {
      "mean": 0.9797,
      "std": 0.04539217994324574,
      "n": 5.0
    },
    "rt_ms": {
      "mean": 12.276298550228239,
      "std": 0.09352123382040894,
      "n": 5.0
    },
    "coarse_visited": {
      "mean": 0.0,
      "std": 0.0,
      "n": 5.0
    },
    "fine_steps": {
      "mean": 0.0,
      "std": 0.0,
      "n": 5.0
    }
  },
  "minsim": {
    "acc": {
      "mean": 1.0,
      "std": 0.0,
      "n": 5.0
    },
    "rt_ms": {
      "mean": 0.01996671005326789,
      "std": 0.0011085190076667122,
      "n": 5.0
    },
    "coarse_visited": {
      "mean": 0.0,
      "std": 0.0,
      "n": 5.0
    },
    "fine_steps": {
      "mean": 0.0,
      "std": 0.0,
      "n": 5.0
    }
  },
  "nn": {
    "acc": {
      "mean": 0.7666000000000001,
      "std": 0.10907646400576065,
      "n": 5.0
    },
    "rt_ms": {
      "mean": 0.011392289944342337,
      "std": 0.00028334527061176006,
      "n": 5.0
    },
    "coarse_visited": {
      "mean": 0.0,
      "std": 0.0,
      "n": 5.0
    },
    "fine_steps": {
      "mean": 0.0,
      "std": 0.0,
      "n": 5.0
    }
  },
  "topogps": {
    "acc": {
      "mean": 1.0,
      "std": 0.0,
      "n": 5.0
    },
    "rt_ms": {
      "mean": 0.6943880099075613,
      "std": 0.0075628291482420906,
      "n": 5.0
    },
    "coarse_visited": {
      "mean": 3.0,
      "std": 0.0,
      "n": 5.0
    },
    "fine_steps": {
      "mean": 0.0,
      "std": 0.0,
      "n": 5.0
    }
  },
  "topogps_cuepath": {
    "acc": {
      "mean": 1.0,
      "std": 0.0,
      "n": 5.0
    },
    "rt_ms": {
      "mean": 0.5649476800608682,
      "std": 0.004312852337392315,
      "n": 5.0
    },
    "coarse_visited": {
      "mean": 3.0,
      "std": 0.0,
      "n": 5.0
    },
    "fine_steps": {
      "mean": 0.0,
      "std": 0.0,
      "n": 5.0
    }
  },
  "topogps_no_cue": {
    "acc": {
      "mean": 0.7666000000000001,
      "std": 0.10907646400576065,
      "n": 5.0
    },
    "rt_ms": {
      "mean": 12.838209649769123,
      "std": 0.24779784930407295,
      "n": 5.0
    },
    "coarse_visited": {
      "mean": 2317.4481,
      "std": 51.148216572525776,
      "n": 5.0
    },
    "fine_steps": {
      "mean": 0.0,
      "std": 0.0,
      "n": 5.0
    }
  }
}
