method,acc,rt_ms,coarse_visited,fine_steps
graph_ppr,1.000000,12.355397,0.000000,0.000000
minsim,1.000000,0.019404,0.000000,0.000000
nn,0.896500,0.011434,0.000000,0.000000
topogps,1.000000,0.889819,3.000000,0.000000
topogps_cuepath,1.000000,0.609510,3.000000,0.000000
topogps_no_cue,0.896500,13.053569,2305.946000,0.000000
