qid,method,success,rt_ms,coarse_visited,fine_steps,cue_a,cue_b,target_idx,pred_idx,dropout,rewire,steps,lr
0,nn,0,0.148899998748675,0.0,0.0,763,633,1495,633,0.5,0.0,40,0.08
0,graph_ppr,1,7.513999997172505,0.0,0.0,763,633,1495,1495,0.5,0.0,40,0.08
0,topogps_cuepath,0,2.1284999966155738,1.0,0.0,763,633,1495,763,0.5,0.0,40,0.08
0,topogps_no_cue,0,58.03340001148172,2.0,40.0,763,633,1495,633,0.5,0.0,40,0.08
1,nn,0,0.10549998842179775,0.0,0.0,272,16,1122,272,0.5,0.0,40,0.08
1,graph_ppr,0,6.1406999884638935,0.0,0.0,272,16,1122,46,0.5,0.0,40,0.08
1,topogps_cuepath,0,1.9549999851733446,1.0,0.0,272,16,1122,272,0.5,0.0,40,0.08
1,topogps_no_cue,0,58.23259998578578,2.0,40.0,272,16,1122,272,0.5,0.0,40,0.08
