{
  "nn": {
    "acc": 0.0,
    "rt_ms": 0.12719999358523637,
    "coarse_visited": 0.0,
    "fine_steps": 0.0
  },
  "graph_ppr": {
    "acc": 0.5,
    "rt_ms": 6.827349992818199,
    "coarse_visited": 0.0,
    "fine_steps": 0.0
  },
  "topogps_cuepath": {
    "acc": 0.0,
    "rt_ms": 2.041749990894459,
    "coarse_visited": 1.0,
    "fine_steps": 0.0
  },
  "topogps_no_cue": {
    "acc": 0.0,
    "rt_ms": 58.13299999863375,
    "coarse_visited": 2.0,
    "fine_steps": 40.0
  }
}
