method,acc,rt_ms,coarse_visited,fine_steps
graph_ppr,0.500000,6.827350,0.000000,0.000000
nn,0.000000,0.127200,0.000000,0.000000
topogps_cuepath,0.000000,2.041750,1.000000,0.000000
topogps_no_cue,0.000000,58.133000,2.000000,40.000000
