method,acc,rt_ms,coarse_visited,fine_steps
graph_ppr,0.933333,4.304207,0.000000,0.000000
nn,0.000000,0.144873,0.000000,0.000000
topogps_cuepath,0.600000,1.979393,2.266667,0.000000
topogps_no_cue,0.000000,49.487560,32.000000,34.866667
