{
  "nn": {
    "acc": 0.0,
    "rt_ms": 0.09915333163614075,
    "coarse_visited": 0.0,
    "fine_steps": 0.0
  },
  "graph_ppr": {
    "acc": 1.0,
    "rt_ms": 4.527306665355961,
    "coarse_visited": 0.0,
    "fine_steps": 0.0
  },
  "topogps": {
    "acc": 0.9333333333333333,
    "rt_ms": 2.8141000017058104,
    "coarse_visited": 2.933333333333333,
    "fine_steps": 0.0
  },
  "topogps_no_cue": {
    "acc": 0.0,
    "rt_ms": 1.2073933302114408,
    "coarse_visited": 41.4,
    "fine_steps": 0.0
  }
}
