method,acc,rt_ms,coarse_visited,fine_steps
graph_ppr,1.000000,4.527307,0.000000,0.000000
nn,0.000000,0.099153,0.000000,0.000000
topogps,0.933333,2.814100,2.933333,0.000000
topogps_no_cue,0.000000,1.207393,41.400000,0.000000
