method,acc,rt_ms,coarse_visited,fine_steps
graph_ppr,1.000000,12.406899,0.000000,0.000000
minsim,1.000000,0.020906,0.000000,0.000000
nn,0.896500,0.010928,0.000000,0.000000
topogps,1.000000,18.711458,3.000000,108.920500
topogps_cuepath,1.000000,0.560001,3.000000,0.000000
topogps_no_cue,0.588500,16.567812,2306.500000,21.885000
