method,acc,rt_ms,coarse_visited,fine_steps
graph_ppr,1.000000,12.867737,0.000000,0.000000
minsim,0.000000,0.020599,0.000000,0.000000
nn,0.000000,0.011502,0.000000,0.000000
topogps,1.000000,9.627386,3.000000,49.889500
topogps_cuepath,1.000000,1.237645,3.000000,0.000000
topogps_no_cue,0.206000,29.447491,2483.331000,95.496500
