method,acc,rt_ms,coarse_visited,fine_steps
graph_ppr,1.000000,12.840469,0.000000,0.000000
minsim,0.000000,0.020978,0.000000,0.000000
nn,0.000000,0.011640,0.000000,0.000000
topogps,1.000000,1.361597,3.000000,0.000000
topogps_cuepath,1.000000,1.236529,3.000000,0.000000
topogps_no_cue,0.000000,13.496351,2483.331000,0.000000
