{
  "graph_ppr": {
    "acc": {
      "mean": 0.6222222222222222,
      "std": 0.2116950987028628,
      "n": 3.0
    },
    "rt_ms": {
      "mean": 5.310271108949867,
      "std": 1.6530015116928294,
      "n": 3.0
    },
    "coarse_visited": {
      "mean": 0.0,
      "std": 0.0,
      "n": 3.0
    },
    "fine_steps": {
      "mean": 0.0,
      "std": 0.0,
      "n": 3.0
    }
  },
  "nn": {
    "acc": {
      "mean": 0.0,
      "std": 0.0,
      "n": 3.0
    },
    "rt_ms": {
      "mean": 0.12464888891877814,
      "std": 0.018775263632456317,
      "n": 3.0
    },
    "coarse_visited": {
      "mean": 0.0,
      "std": 0.0,
      "n": 3.0
    },
    "fine_steps": {
      "mean": 0.0,
      "std": 0.0,
      "n": 3.0
    }
  },
  "topogps": {
    "acc": {
      "mean": 0.08888888888888889,
      "std": 0.1539600717839002,
      "n": 3.0
    },
    "rt_ms": {
      "mean": 3.084548893255285,
      "std": 0.25160134245302784,
      "n": 3.0
    },
    "coarse_visited": {
      "mean": 1.1777777777777778,
      "std": 0.30792014356780045,
      "n": 3.0
    },
    "fine_steps": {
      "mean": 0.0,
      "std": 0.0,
      "n": 3.0
    }
  },
  "topogps_no_cue": {
    "acc": {
      "mean": 0.0,
      "std": 0.0,
      "n": 3.0
    },
    "rt_ms": {
      "mean": 1.242878889509787,
      "std": 0.07633021709255478,
      "n": 3.0
    },
    "coarse_visited": {
      "mean": 5.844444444444444,
      "std": 7.541391953253232,
      "n": 3.0
    },
    "fine_steps": {
      "mean": 0.0,
      "std": 0.0,
      "n": 3.0
    }
  }
}
