qid,method,success,rt_ms,coarse_visited,fine_steps,cue_a,cue_b,target_idx,pred_idx,dropout,rewire,steps,lr
0,nn,0,0.14849999570287764,0.0,0.0,763,633,1495,633,0.7,0.0,40,0.08
0,graph_ppr,0,6.704100000206381,0.0,0.0,763,633,1495,1983,0.7,0.0,40,0.08
0,topogps_cuepath,0,2.3726000217720866,1.0,0.0,763,633,1495,763,0.7,0.0,40,0.08
0,topogps_no_cue,0,70.06050000200048,1.0,40.0,763,633,1495,633,0.7,0.0,40,0.08
1,nn,0,0.1145999995060265,0.0,0.0,272,16,1122,272,0.7,0.0,40,0.08
1,graph_ppr,0,7.052700006170198,0.0,0.0,272,16,1122,46,0.7,0.0,40,0.08
1,topogps_cuepath,0,2.342699997825548,1.0,0.0,272,16,1122,272,0.7,0.0,40,0.08
1,topogps_no_cue,0,64.37480001477525,2.0,40.0,272,16,1122,272,0.7,0.0,40,0.08
