method,acc,rt_ms,coarse_visited,fine_steps
graph_ppr,0.000000,6.878400,0.000000,0.000000
nn,0.000000,0.131550,0.000000,0.000000
topogps_cuepath,0.000000,2.357650,1.000000,0.000000
topogps_no_cue,0.000000,67.217650,1.500000,40.000000
