{
  "nn": {
    "acc": 0.0,
    "rt_ms": 0.13154999760445207,
    "coarse_visited": 0.0,
    "fine_steps": 0.0
  },
  "graph_ppr": {
    "acc": 0.0,
    "rt_ms": 6.87840000318829,
    "coarse_visited": 0.0,
    "fine_steps": 0.0
  },
  "topogps_cuepath": {
    "acc": 0.0,
    "rt_ms": 2.3576500097988173,
    "coarse_visited": 1.0,
    "fine_steps": 0.0
  },
  "topogps_no_cue": {
    "acc": 0.0,
    "rt_ms": 67.21765000838786,
    "coarse_visited": 1.5,
    "fine_steps": 40.0
  }
}
