qid,method,success,rt_ms,coarse_visited,fine_steps,cue_a,cue_b,target_idx,pred_idx,dropout,rewire,steps,lr
0,nn,0,0.15120001626200974,0.0,0.0,1313,1117,132,1117,0.3,0.0,40,0.08
0,graph_ppr,1,7.266600005095825,0.0,0.0,1313,1117,132,132,0.3,0.0,40,0.08
0,topogps_cuepath,1,2.4050999782048166,3.0,0.0,1313,1117,132,132,0.3,0.0,40,0.08
0,topogps_no_cue,0,58.003899990580976,3.0,40.0,1313,1117,132,1313,0.3,0.0,40,0.08
1,nn,0,0.13619998935610056,0.0,0.0,1145,628,1012,628,0.3,0.0,40,0.08
1,graph_ppr,1,2.596899983473122,0.0,0.0,1145,628,1012,1012,0.3,0.0,40,0.08
1,topogps_cuepath,0,2.021199994487688,1.0,0.0,1145,628,1012,1145,0.3,0.0,40,0.08
1,topogps_no_cue,0,53.520899993600324,1.0,38.0,1145,628,1012,1145,0.3,0.0,40,0.08
