{
  "nn": {
    "acc": 0.0,
    "rt_ms": 0.14370000280905515,
    "coarse_visited": 0.0,
    "fine_steps": 0.0
  },
  "graph_ppr": {
    "acc": 1.0,
    "rt_ms": 4.931749994284473,
    "coarse_visited": 0.0,
    "fine_steps": 0.0
  },
  "topogps_cuepath": {
    "acc": 0.5,
    "rt_ms": 2.2131499863462523,
    "coarse_visited": 2.0,
    "fine_steps": 0.0
  },
  "topogps_no_cue": {
    "acc": 0.0,
    "rt_ms": 55.76239999209065,
    "coarse_visited": 2.0,
    "fine_steps": 39.0
  }
}
