method,acc,rt_ms,coarse_visited,fine_steps
graph_ppr,0.666667,4.126587,0.000000,0.000000
nn,0.000000,0.143353,0.000000,0.000000
topogps,0.000000,51.634580,1.000000,30.600000
topogps_no_cue,0.000000,56.759307,4.133333,34.866667
