{
  "graph_ppr": {
    "acc": {
      "mean": 0.9777777777777779,
      "std": 0.03849001794597504,
      "n": 3.0
    },
    "rt_ms": {
      "mean": 5.24128778035649,
      "std": 0.9009585555826298,
      "n": 3.0
    },
    "coarse_visited": {
      "mean": 0.0,
      "std": 0.0,
      "n": 3.0
    },
    "fine_steps": {
      "mean": 0.0,
      "std": 0.0,
      "n": 3.0
    }
  },
  "nn": {
    "acc": {
      "mean": 0.0,
      "std": 0.0,
      "n": 3.0
    },
    "rt_ms": {
      "mean": 0.11525444958048563,
      "std": 0.007764082704737459,
      "n": 3.0
    },
    "coarse_visited": {
      "mean": 0.0,
      "std": 0.0,
      "n": 3.0
    },
    "fine_steps": {
      "mean": 0.0,
      "std": 0.0,
      "n": 3.0
    }
  },
  "topogps_cuepath": {
    "acc": {
      "mean": 0.5333333333333333,
      "std": 0.05773502691896257,
      "n": 3.0
    },
    "rt_ms": {
      "mean": 2.2868533334177403,
      "std": 0.4310679756435261,
      "n": 3.0
    },
    "coarse_visited": {
      "mean": 2.088888888888889,
      "std": 0.15396007178390017,
      "n": 3.0
    },
    "fine_steps": {
      "mean": 0.0,
      "std": 0.0,
      "n": 3.0
    }
  },
  "topogps_no_cue": {
    "acc": {
      "mean": 0.0,
      "std": 0.0,
      "n": 3.0
    },
    "rt_ms": {
      "mean": 1.3046299954617604,
      "std": 0.09034543569192302,
      "n": 3.0
    },
    "coarse_visited": {
      "mean": 12.333333333333334,
      "std": 17.03917055884274,
      "n": 3.0
    },
    "fine_steps": {
      "mean": 0.0,
      "std": 0.0,
      "n": 3.0
    }
  }
}
