qid,method,success,rt_ms,coarse_visited,fine_steps,cue_a,cue_b,target_idx,pred_idx,dropout,rewire,steps,lr
0,nn,0,0.14870002632960677,0.0,0.0,763,633,1495,633,0.3,0.0,0,0.08
0,graph_ppr,1,7.294500013813376,0.0,0.0,763,633,1495,1495,0.3,0.0,0,0.08
0,topogps_cuepath,1,2.2360000002663583,3.0,0.0,763,633,1495,1495,0.3,0.0,0,0.08
0,topogps_no_cue,0,1.3843999768141657,4.0,0.0,763,633,1495,763,0.3,0.0,0,0.08
1,nn,0,0.08709999383427203,0.0,0.0,272,16,1122,272,0.3,0.0,0,0.08
1,graph_ppr,1,5.01230001100339,0.0,0.0,272,16,1122,1122,0.3,0.0,0,0.08
1,topogps_cuepath,0,3.3297000045422465,1.0,0.0,272,16,1122,272,0.3,0.0,0,0.08
1,topogps_no_cue,0,1.429600000847131,2.0,0.0,272,16,1122,272,0.3,0.0,0,0.08
