method,acc,rt_ms,coarse_visited,fine_steps
graph_ppr,1.000000,6.153400,0.000000,0.000000
nn,0.000000,0.117900,0.000000,0.000000
topogps_cuepath,0.500000,2.782850,2.000000,0.000000
topogps_no_cue,0.000000,1.407000,3.000000,0.000000
