{
  "nn": {
    "acc": 0.0,
    "rt_ms": 0.1179000100819394,
    "coarse_visited": 0.0,
    "fine_steps": 0.0
  },
  "graph_ppr": {
    "acc": 1.0,
    "rt_ms": 6.153400012408383,
    "coarse_visited": 0.0,
    "fine_steps": 0.0
  },
  "topogps_cuepath": {
    "acc": 0.5,
    "rt_ms": 2.7828500024043024,
    "coarse_visited": 2.0,
    "fine_steps": 0.0
  },
  "topogps_no_cue": {
    "acc": 0.0,
    "rt_ms": 1.4069999888306484,
    "coarse_visited": 3.0,
    "fine_steps": 0.0
  }
}
