method,acc,rt_ms,coarse_visited,fine_steps
graph_ppr,1.000000,4.385327,0.000000,0.000000
nn,0.000000,0.145687,0.000000,0.000000
topogps,0.933333,59.229800,2.933333,40.000000
topogps_no_cue,0.000000,50.591827,41.400000,34.866667
