{
  "graph_ppr": {
    "acc": {
      "mean": 0.6222222222222222,
      "std": 0.2116950987028628,
      "n": 3.0
    },
    "rt_ms": {
      "mean": 5.282072222002575,
      "std": 1.3387384247313765,
      "n": 3.0
    },
    "coarse_visited": {
      "mean": 0.0,
      "std": 0.0,
      "n": 3.0
    },
    "fine_steps": {
      "mean": 0.0,
      "std": 0.0,
      "n": 3.0
    }
  },
  "nn": {
    "acc": {
      "mean": 0.0,
      "std": 0.0,
      "n": 3.0
    },
    "rt_ms": {
      "mean": 0.1391655526175681,
      "std": 0.01207478058669971,
      "n": 3.0
    },
    "coarse_visited": {
      "mean": 0.0,
      "std": 0.0,
      "n": 3.0
    },
    "fine_steps": {
      "mean": 0.0,
      "std": 0.0,
      "n": 3.0
    }
  },
  "topogps_cuepath": {
    "acc": {
      "mean": 0.08888888888888889,
      "std": 0.1539600717839002,
      "n": 3.0
    },
    "rt_ms": {
      "mean": 2.123164445058339,
      "std": 0.18902062910813627,
      "n": 3.0
    },
    "coarse_visited": {
      "mean": 1.1777777777777778,
      "std": 0.30792014356780045,
      "n": 3.0
    },
    "fine_steps": {
      "mean": 0.0,
      "std": 0.0,
      "n": 3.0
    }
  },
  "topogps_no_cue": {
    "acc": {
      "mean": 0.0,
      "std": 0.0,
      "n": 3.0
    },
    "rt_ms": {
      "mean": 55.66549889109512,
      "std": 4.609814756458508,
      "n": 3.0
    },
    "coarse_visited": {
      "mean": 5.844444444444444,
      "std": 7.541391953253232,
      "n": 3.0
    },
    "fine_steps": {
      "mean": 37.955555555555556,
      "std": 2.7213830906224734,
      "n": 3.0
    }
  }
}
