qid,method,success,rt_ms,coarse_visited,fine_steps,cue_a,cue_b,target_idx,pred_idx,dropout,rewire,steps,lr
0,nn,0,0.1534000039100647,0.0,0.0,763,633,1495,633,0.7,0.0,40,0.08
0,graph_ppr,0,6.6399000061210245,0.0,0.0,763,633,1495,1983,0.7,0.0,40,0.08
0,topogps,0,63.94029999501072,1.0,40.0,763,633,1495,763,0.7,0.0,40,0.08
0,topogps_no_cue,0,62.38449999364093,1.0,40.0,763,633,1495,633,0.7,0.0,40,0.08
1,nn,0,0.14369998825713992,0.0,0.0,272,16,1122,272,0.7,0.0,40,0.08
1,graph_ppr,0,5.425800016382709,0.0,0.0,272,16,1122,46,0.7,0.0,40,0.08
1,topogps,1,30.6884000019636,1.0,18.0,272,16,1122,1122,0.7,0.0,40,0.08
1,topogps_no_cue,0,62.586799991549924,2.0,40.0,272,16,1122,272,0.7,0.0,40,0.08
