method,acc,rt_ms,coarse_visited,fine_steps
graph_ppr,0.000000,6.032850,0.000000,0.000000
nn,0.000000,0.148550,0.000000,0.000000
topogps,0.500000,47.314350,1.000000,29.000000
topogps_no_cue,0.000000,62.485650,1.500000,40.000000
