method,acc,rt_ms,coarse_visited,fine_steps
graph_ppr,1.000000,4.750533,0.000000,0.000000
nn,0.000000,0.098180,0.000000,0.000000
topogps_cuepath,0.933333,2.051600,2.933333,0.000000
topogps_no_cue,0.000000,1.250387,41.400000,0.000000
