{
  "nn": {
    "acc": 0.0,
    "rt_ms": 0.09818000835366547,
    "coarse_visited": 0.0,
    "fine_steps": 0.0
  },
  "graph_ppr": {
    "acc": 1.0,
    "rt_ms": 4.750533334057157,
    "coarse_visited": 0.0,
    "fine_steps": 0.0
  },
  "topogps_cuepath": {
    "acc": 0.9333333333333333,
    "rt_ms": 2.051599998958409,
    "coarse_visited": 2.933333333333333,
    "fine_steps": 0.0
  },
  "topogps_no_cue": {
    "acc": 0.0,
    "rt_ms": 1.2503866688348353,
    "coarse_visited": 41.4,
    "fine_steps": 0.0
  }
}
