qid,method,success,rt_ms,coarse_visited,fine_steps,cue_a,cue_b,target_idx,pred_idx,dropout,rewire,steps,lr
0,nn,0,0.15490001533180475,0.0,0.0,1313,1117,132,1117,0.3,0.0,0,0.08
0,graph_ppr,1,7.301000005099922,0.0,0.0,1313,1117,132,132,0.3,0.0,0,0.08
0,topogps_cuepath,1,2.2758999839425087,3.0,0.0,1313,1117,132,132,0.3,0.0,0,0.08
0,topogps_no_cue,0,1.2667999835684896,3.0,0.0,1313,1117,132,1313,0.3,0.0,0,0.08
1,nn,0,0.08779999916441739,0.0,0.0,1145,628,1012,628,0.3,0.0,0,0.08
1,graph_ppr,1,3.136099985567853,0.0,0.0,1145,628,1012,1012,0.3,0.0,0,0.08
1,topogps_cuepath,0,1.8742000102065504,1.0,0.0,1145,628,1012,1145,0.3,0.0,0,0.08
1,topogps_no_cue,0,1.205300010042265,1.0,0.0,1145,628,1012,1145,0.3,0.0,0,0.08
