{
  "nn": {
    "acc": 0.0,
    "rt_ms": 0.12135000724811107,
    "coarse_visited": 0.0,
    "fine_steps": 0.0
  },
  "graph_ppr": {
    "acc": 1.0,
    "rt_ms": 5.218549995333888,
    "coarse_visited": 0.0,
    "fine_steps": 0.0
  },
  "topogps_cuepath": {
    "acc": 0.5,
    "rt_ms": 2.0750499970745295,
    "coarse_visited": 2.0,
    "fine_steps": 0.0
  },
  "topogps_no_cue": {
    "acc": 0.0,
    "rt_ms": 1.2360499968053773,
    "coarse_visited": 2.0,
    "fine_steps": 0.0
  }
}
