method,acc,rt_ms,coarse_visited,fine_steps
graph_ppr,1.000000,5.218550,0.000000,0.000000
nn,0.000000,0.121350,0.000000,0.000000
topogps_cuepath,0.500000,2.075050,2.000000,0.000000
topogps_no_cue,0.000000,1.236050,2.000000,0.000000
