method,acc,rt_ms,coarse_visited,fine_steps
graph_ppr,1.000000,12.198821,0.000000,0.000000
minsim,1.000000,0.021622,0.000000,0.000000
nn,0.810000,0.011009,0.000000,0.000000
topogps,1.000000,19.606373,3.000000,114.140000
topogps_cuepath,1.000000,0.562354,3.000000,0.000000
topogps_no_cue,0.602500,16.443561,2298.552500,22.590500
