qid,method,success,rt_ms,coarse_visited,fine_steps,cue_a,cue_b,target_idx,pred_idx,dropout,rewire,steps,lr
0,nn,0,0.15169999096542597,0.0,0.0,1313,1117,132,1117,0.0,0.0,40,0.08
0,graph_ppr,1,7.109900005161762,0.0,0.0,1313,1117,132,132,0.0,0.0,40,0.08
0,topogps_cuepath,1,2.492899977369234,3.0,0.0,1313,1117,132,132,0.0,0.0,40,0.08
0,topogps_no_cue,0,61.7084999976214,4.0,40.0,1313,1117,132,1313,0.0,0.0,40,0.08
1,nn,0,0.11950000771321356,0.0,0.0,1145,628,1012,628,0.0,0.0,40,0.08
1,graph_ppr,1,4.2446999868843704,0.0,0.0,1145,628,1012,1012,0.0,0.0,40,0.08
1,topogps_cuepath,1,1.8464000022504479,3.0,0.0,1145,628,1012,1012,0.0,0.0,40,0.08
1,topogps_no_cue,0,53.68789998465218,10.0,38.0,1145,628,1012,1145,0.0,0.0,40,0.08
