method,acc,rt_ms,coarse_visited,fine_steps
graph_ppr,1.000000,5.677300,0.000000,0.000000
nn,0.000000,0.135600,0.000000,0.000000
topogps_cuepath,1.000000,2.169650,3.000000,0.000000
topogps_no_cue,0.000000,57.698200,7.000000,39.000000
