{
  "nn": {
    "acc": 0.0,
    "rt_ms": 0.13559999933931977,
    "coarse_visited": 0.0,
    "fine_steps": 0.0
  },
  "graph_ppr": {
    "acc": 1.0,
    "rt_ms": 5.677299996023066,
    "coarse_visited": 0.0,
    "fine_steps": 0.0
  },
  "topogps_cuepath": {
    "acc": 1.0,
    "rt_ms": 2.169649989809841,
    "coarse_visited": 3.0,
    "fine_steps": 0.0
  },
  "topogps_no_cue": {
    "acc": 0.0,
    "rt_ms": 57.69819999113679,
    "coarse_visited": 7.0,
    "fine_steps": 39.0
  }
}
