qid,method,success,rt_ms,coarse_visited,fine_steps,cue_a,cue_b,target_idx,pred_idx,dropout,rewire,steps,lr
0,nn,0,0.1543999824207276,0.0,0.0,1313,1117,132,1117,0.3,0.0,40,0.08
0,graph_ppr,1,7.320999982766807,0.0,0.0,1313,1117,132,132,0.3,0.0,40,0.08
0,topogps,1,80.24629999999888,3.0,40.0,1313,1117,132,132,0.3,0.0,40,0.08
0,topogps_no_cue,0,73.64909999887459,3.0,40.0,1313,1117,132,1313,0.3,0.0,40,0.08
1,nn,0,0.1112000027205795,0.0,0.0,1145,628,1012,628,0.3,0.0,40,0.08
1,graph_ppr,1,3.5322000039741397,0.0,0.0,1145,628,1012,1012,0.3,0.0,40,0.08
1,topogps,0,15.211999998427927,1.0,6.0,1145,628,1012,935,0.3,0.0,40,0.08
1,topogps_no_cue,0,61.730400018859655,1.0,38.0,1145,628,1012,1145,0.3,0.0,40,0.08
