method,acc,rt_ms,coarse_visited,fine_steps
graph_ppr,1.000000,5.426600,0.000000,0.000000
nn,0.000000,0.132800,0.000000,0.000000
topogps,0.500000,47.729150,2.000000,23.000000
topogps_no_cue,0.000000,67.689750,2.000000,39.000000
