method,acc,rt_ms,coarse_visited,fine_steps
graph_ppr,1.000000,12.215050,0.000000,0.000000
minsim,1.000000,0.020465,0.000000,0.000000
nn,0.611000,0.010992,0.000000,0.000000
topogps,1.000000,0.884541,3.000000,0.000000
topogps_cuepath,1.000000,0.611674,3.000000,0.000000
topogps_no_cue,0.611000,13.864804,2446.433500,0.000000
